index	id	title	chapter	family	subfamily	description_blocks	description_chars	description
0	bestiaire-v15-civil-ordinaire	Civil ordinaire	1.1 PNJ Réalité	Rue, civils et bandes		1	286	Le profil ne décrit pas une personne incapable, seulement quelqu'un qui n'est pas préparé à un affrontement. Employé, voisin, passant ou témoin peut posséder un métier exigeant et des savoirs précis ; sous les tirs, sa priorité devient pourtant de rester vivant et de sortir de la zone.
1	bestiaire-v15-vigile-videur	Vigile / videur	1.1 PNJ Réalité	Rue, civils et bandes		1	316	Vigiles et videurs constituent le premier niveau de sécurité visible de la Grande Californie. Ils savent gérer une altercation, contenir un individu et utiliser une arme si leur poste l'autorise, mais leur rôle reste de protéger un lieu, filtrer un accès et éviter qu'un incident ordinaire ne devienne une fusillade.
2	bestiaire-v15-ganger-arme	Ganger armé	1.1 PNJ Réalité	Rue, civils et bandes		1	302	Les gangs vont de bandes de quartier opportunistes à de petites organisations territoriales très structurées. Ce profil représente un membre habitué aux armes, aux poursuites courtes et aux combats de rue : il n'est pas un soldat, mais il connaît son quartier, ses alliés et la valeur d'un bon couvert.
3	bestiaire-v15-chef-de-bande	Chef de bande	1.1 PNJ Réalité	Rue, civils et bandes		1	285	Un chef de bande tient moins par un uniforme que par sa capacité à faire agir les autres ensemble. Il connaît les dettes, les territoires et les rivalités, sait quand pousser ses gens ou décrocher, et possède généralement un meilleur équipement que les membres ordinaires qu'il dirige.
4	bestiaire-v15-secouriste-flashmergencies	Secouriste Flashmergencies	1.1 PNJ Réalité	Rue, civils et bandes		1	309	Les Flashmergencies constituent la réponse d'urgence publique : accidents, blessures, crises médicales et premières extractions. Ce profil représente un secouriste de terrain formé à travailler dans une rue encore dangereuse, mais qui n'est ni policier ni soldat. Sa priorité reste de stabiliser et d'évacuer.
5	bestiaire-v15-pompier-technicien-d-intervention	Pompier / technicien d’intervention	1.1 PNJ Réalité	Rue, civils et bandes		1	293	Incendies industriels, batteries, réseaux haute tension et bâtiments augmentés ont rendu les équipes techniques d'intervention indispensables. Leur équipement protège surtout contre les dangers de site ; un pompier expérimenté peut entrer là où un civil ordinaire serait immédiatement dépassé.
6	bestiaire-v15-soldato	Soldato	1.1 PNJ Réalité	Pègre		1	307	Le Soldato est un professionnel de la violence mafieuse : protection, intimidation, escorte, guerre de territoire et représailles. Il ne se bat pas pour prouver quelque chose à chaque coin de rue ; il agit au nom d'une structure et sait que chaque coup de feu peut entraîner une réponse beaucoup plus large.
7	bestiaire-v15-tueur-a-gages	Tueur à gages	1.1 PNJ Réalité	Pègre		1	287	Le tueur à gages travaille sur la préparation, le renseignement et l'angle d'attaque plutôt que sur un duel équitable. Il observe les habitudes de sa cible, aménage une sortie et cherche une première attaque décisive. Une fois repéré et fixé, son principal avantage disparaît rapidement.
8	bestiaire-v15-hacker-criminel	Hacker criminel	1.1 PNJ Réalité	Pègre		1	337	Les hackers de la Pègre volent des identités, ouvrent des accès, effacent des traces et transforment les infrastructures connectées en armes indirectes. Ils sont rarement impressionnants dans un échange de tirs, mais une porte verrouillée, un implant exposé ou une caméra compromise suffit à leur donner une place centrale dans la scène.
9	bestiaire-v15-charcudoc	CharcuDoc	1.1 PNJ Réalité	Pègre		1	317	Le CharcuDoc est le médecin clandestin des milieux où l'on évite les hôpitaux : blessures par balle, augmentations non déclarées, chirurgie de fortune et trafic biomédical. Certains sont cyniques, d'autres profondément utiles à leur quartier ; tous travaillent avec des patients qui n'ont souvent aucune autre option.
10	bestiaire-v15-sicario-de-cartel	Sicario de cartel	1.1 PNJ Réalité	Pègre		1	331	Les grands cartels de la frontière emploient des combattants qui ne ressemblent plus à des bandes improvisées. Le sicario professionnel sait escorter un convoi, fermer une rue, suivre une cible et décrocher avant l'arrivée d'une force publique. Son efficacité vient autant de la mobilité et du renseignement local que de son fusil.
11	bestiaire-v15-enforcer-de-la-vladivostokskaia-bratva	Enforcer de la Vladivostokskaïa / Bratva	1.1 PNJ Réalité	Pègre		1	300	Les réseaux russes et est-européens de la Vladivostokskaïa combinent finance, protection et violence transnationale. L'enforcer est le spécialiste que l'on place près d'un cadre, d'un lieu sensible ou d'une négociation où l'organisation veut rappeler qu'elle peut faire suivre les mots par des actes.
12	bestiaire-v15-soldat-des-vingt-deux-dragons	Soldat des Vingt-deux Dragons	1.1 PNJ Réalité	Pègre		1	314	Les Vingt-deux Dragons s'appuient sur des réseaux commerciaux, communautaires et de contrebande reliés aux diasporas asiatiques. Leur soldat est moins démonstratif qu'un ganger : il protège les flux, les entrepôts et les personnes dont dépend l'organisation, avec une violence brève lorsqu'elle devient nécessaire.
13	bestiaire-v15-kobun-du-yamaguchi	Kobun du Yamaguchi	1.1 PNJ Réalité	Pègre		1	352	Le Yamaguchi conserve une culture de discipline et de hiérarchie tout en exploitant entreprises, jeux, protection et réseaux modernes. Le kobun du Bestiaire est un membre de terrain confirmé : suffisamment armé pour une opération violente, mais surtout habitué à exécuter une décision collective sans transformer chaque affront en vendetta personnelle.
14	bestiaire-v15-homme-de-main-oglaigh	Homme de main Oglaigh	1.1 PNJ Réalité	Pègre		1	294	Les Oglaigh s'appuient sur des réseaux communautaires, des trafics et une longue culture de violence ciblée. Leur homme de main connaît les garages, bars, logements et itinéraires de son secteur ; il frappe depuis une position préparée puis disparaît dans un environnement qui lui est familier.
15	bestiaire-v15-agent-de-securite-corporatif	Agent de sécurité corporatif	1.1 PNJ Réalité	Corporations		1	304	La sécurité corporative ordinaire protège des employés, des entrepôts, des laboratoires et des données qui valent parfois plus cher que les personnes présentes. L'agent connaît son site, ses procédures et ses issues, et bénéficie surtout d'un terrain préparé, de capteurs et d'une chaîne de commandement.
16	bestiaire-v15-armacorpo-d-intervention	ArmaCorpo d’intervention	1.1 PNJ Réalité	Corporations		1	320	Les équipes ArmaCorpo interviennent lorsque la sécurité ordinaire n'est plus suffisante. Entraînement de combat, augmentations, capteurs et armement militaire en font des adversaires humains capables de soutenir un échange violent avec des Crawlers aguerris ou des menaces de Vérité sans avoir besoin d'être surnaturels.
17	bestiaire-v15-cybercorpo-de-securite	CyberCorpo de sécurité	1.1 PNJ Réalité	Corporations		1	299	Le CyberCorpo protège les réseaux, IA, implants et infrastructures Neural d'une organisation. Son champ de bataille est généralement le système qu'il administre : il coupe, isole, verrouille et contre-attaque, puis laisse les agents armés régler ce qui parvient malgré tout jusqu'à la salle serveur.
18	bestiaire-v15-ushkoll-defender-lourd-gallowglass-ii-croaker	Ushkoll Defender lourd — Gallowglass II / Croaker	1.1 PNJ Réalité	Corporations		1	391	Les Defenders d'Ushkoll sont la branche chargée des fonctions de police et de l'affrontement urbain. Sur un contrat à très haut risque, certains opérateurs portent une Raven Gallowglass II lourde et emploient le SG-039 « Croaker ». Ce n'est plus un agent de contrôle mais une porte blindée mobile destinée à reprendre un bâtiment, casser un verrou défensif ou tenir un carrefour sous le feu.
19	bestiaire-v15-ushkoll-lander-lourd	Ushkoll Lander lourd	1.1 PNJ Réalité	Corporations		1	264	Les Landers constituent la branche terrestre d'Ushkoll, équivalent corporatif d'une armée de terre. Les détachements lourds emploient du matériel militaire complet lorsqu'un contrat exige de tenir un axe, briser une position ou affronter une autre force organisée.
20	bestiaire-v15-ushkoll-cyber	Ushkoll Cyber	1.1 PNJ Réalité	Corporations		1	299	Les Cybers d'Ushkoll ne se limitent pas à surveiller des pare-feu : leur branche couvre cyberdéfense, sabotage et espionnage. Sur le terrain, ils sécurisent les communications, infiltrent les systèmes adverses et donnent à une équipe armée l'accès aux portes, capteurs et données dont elle a besoin.
21	bestiaire-v15-careforce-operateur-d-extraction	CareForce — opérateur d’extraction	1.1 PNJ Réalité	Corporations		1	330	La CareForce de NorthStar intervient quand un client doit être récupéré d'un lieu réellement dangereux. Beaucoup de ses opérateurs sont d'anciens mercenaires : ils savent repousser des assaillants, ouvrir une voie et évacuer une cible sous le feu, mais leur mission reste le sauvetage du contrat plutôt que la conquête du terrain.
22	bestiaire-v15-careforce-counter-death	CareForce — Counter-Death	1.1 PNJ Réalité	Corporations		1	357	La branche Counter-Death de NorthStar est tournée vers les cas où chaque seconde compte : trauma massif, arrêt vital, exposition extrême ou extraction médicale au bord de l'échec. Ses spécialistes sont moins offensifs que les opérateurs d'extraction mais beaucoup plus dangereux pour un scénario parce qu'ils peuvent empêcher une cible importante de mourir.
23	bestiaire-v15-ushkoll-seayer-d-abordage	Ushkoll Seayer d’abordage	1.1 PNJ Réalité	Corporations		1	291	Les Seayers constituent la branche navale d'Ushkoll. Le spécialiste d'abordage intervient sur navires, plateformes, docks et structures littorales où les lignes de tir sont courtes, le sol instable et la chute à l'eau toujours possible. Il combine discipline militaire et équipement compact.
24	bestiaire-v15-ushkoll-skyer-d-assaut	Ushkoll Skyer d’assaut	1.1 PNJ Réalité	Corporations		1	243	Les Skyers assurent la composante aérienne d'Ushkoll. Ce profil représente l'infanterie qui descend d'un appareil, sécurise une zone d'atterrissage et ouvre un corridor pour l'extraction ou le débarquement, pas le pilote restant aux commandes.
25	bestiaire-v15-garde-du-corps-corporatif-vip	Garde du corps corporatif VIP	1.1 PNJ Réalité	Corporations		1	299	Les cadres majeurs, héritiers et négociateurs sensibles emploient des spécialistes dont le travail n'est pas de gagner une bataille mais de faire survivre une personne. Le garde du corps lit les trajectoires, surveille les sorties et accepte de céder le terrain si cela permet d'extraire son client.
26	bestiaire-v15-equipe-de-confinement-biocorpo	Équipe de confinement Biocorpo	1.1 PNJ Réalité	Corporations		1	290	Une fuite biologique, un sujet augmenté instable ou un laboratoire contaminé demande autre chose qu'un vigile. Les grandes Biocorpos disposent d'équipes mêlant sécurité, médecine et procédure de confinement, équipées pour isoler un risque avant de comprendre entièrement ce qui s'est passé.
27	bestiaire-v15-agent-d-asset-recovery-corporatif	Agent d’Asset Recovery corporatif	1.1 PNJ Réalité	Corporations		1	285	Les corporations financent véhicules, augmentations, prototypes, logiciels et personnels sous contrat. Quand un actif disparaît, une équipe de récupération cherche d'abord à le reprendre intact : retrouver, isoler, saisir et sortir la cible avant que le contentieux ne devienne public.
28	bestiaire-v15-patrouilleur-laus	Patrouilleur LAUS	1.1 PNJ Réalité	Gouvernement et LAUS		1	326	Le patrouilleur LAUS représente la présence quotidienne de l'État dans Los Angeles : contrôle, intervention, arrestation et première réponse aux incidents armés. Il n'est pas conçu comme un commando, mais il possède communications, procédures et renforts ; l'affronter signifie rarement ne combattre que l'individu devant soi.
29	bestiaire-v15-enqueteur-laus-cbii-local	Enquêteur LAUS / CBII local	1.1 PNJ Réalité	Gouvernement et LAUS		1	282	L'enquêteur travaille sur les traces, les contradictions et les relations entre événements. Moins protégé qu'une unité d'intervention, il est beaucoup plus dangereux lorsque les PJ ont laissé derrière eux témoins, données, douilles, comptes ou habitudes qu'il peut relier entre eux.
30	bestiaire-v15-unite-d-intervention-laus	Unité d’intervention LAUS	1.1 PNJ Réalité	Gouvernement et LAUS		1	308	Lorsqu'une situation dépasse la patrouille, les unités d'intervention progressent en équipe avec protections lourdes, armes adaptées et discipline de secteur. Leur objectif n'est pas de gagner un duel spectaculaire, mais d'isoler, contenir et neutraliser une menace en réduisant les angles dont elle dispose.
31	bestiaire-v15-agent-operationnel-du-cbii	Agent opérationnel du CBII	1.1 PNJ Réalité	Gouvernement et LAUS		1	327	Le CBII traite crime majeur, contre-espionnage, terrorisme, grandes enquêtes corporatives et dossiers mafieux. L'agent opérationnel est l'enquêteur que l'on déploie lorsque le dossier peut basculer sur le terrain : il sait préserver une scène, interroger, suivre une cible et survivre jusqu'à l'arrivée d'une unité plus lourde.
32	bestiaire-v15-agent-cpp-anti-contrebande	Agent CPP anti-contrebande	1.1 PNJ Réalité	Gouvernement et LAUS		1	330	Le CPP s'occupe des produits prohibés et des trafics spécialisés : armes, drogues chimiques ou numériques, agents biologiques et augmentations militaires interdites. Ses agents de terrain savent reconnaître un chargement dangereux et entrer dans un entrepôt où le simple fait de tirer au mauvais endroit peut empirer la situation.
33	bestiaire-v15-inspecteur-du-cbac	Inspecteur du CBAC	1.1 PNJ Réalité	Gouvernement et LAUS		1	320	Le CBAC contrôle abus de pouvoir, corruption et comportement des forces publiques comme des sécurités corporatives. Un inspecteur peut être physiquement moins impressionnant qu'une unité d'intervention tout en constituant une menace majeure pour quiconque dépend d'un badge, d'un contrat ou d'une chaîne de commandement.
34	bestiaire-v15-intervenant-stab	Intervenant STAB	1.1 PNJ Réalité	Gouvernement et LAUS		1	287	Le STAB intervient lorsque la technologie devient elle-même la menace : laboratoire instable, machine autonome, prototype interdit ou infrastructure dont la défaillance peut tuer un quartier. Ses spécialistes combinent protection, neutralisation EMP et compétences d'ingénierie de crise.
35	bestiaire-v15-agent-cchs-de-confinement	Agent CCHS de confinement	1.1 PNJ Réalité	Gouvernement et LAUS		1	276	Le CCHS surveille épidémies, risques biologiques, santé mentale collective et problèmes liés aux augmentations. L'agent de confinement est formé à fermer une zone, prélever sans contaminer et maintenir des civils en quarantaine pendant que les spécialistes cherchent la cause.
36	bestiaire-v15-ranger-du-nrmd	Ranger du NRMD	1.1 PNJ Réalité	Gouvernement et LAUS		1	307	Le NRMD surveille énergie, matières premières, biodiversité et exploitation des ressources. Ses rangers travaillent loin des centres urbains, inspectent des sites industriels isolés et poursuivent contrebandiers, braconniers ou équipes qui préfèrent que personne ne regarde ce qu'elles extraient réellement.
37	bestiaire-v15-inspecteur-csco-de-terrain	Inspecteur CSCO de terrain	1.1 PNJ Réalité	Gouvernement et LAUS		1	290	Le CSCO contrôle les standards corporatifs et réalise des inspections parfois inopinées. Ses agents affrontent moins souvent les tirs que les portes verrouillées, les services juridiques et les responsables qui espèrent transformer une infraction claire en débat administratif interminable.
38	bestiaire-v15-soldat-californien	Soldat californien	1.1 PNJ Réalité	Forces armées		1	305	Le soldat professionnel est entraîné à fonctionner au sein d'une unité, sous ordre et avec un soutien logistique. Pris seul, il reste humain ; en section, avec communications, couverture et feu coordonné, il devient une menace beaucoup plus importante que ne le suggère un simple bloc de caractéristiques.
39	bestiaire-v15-operateur-des-forces-speciales	Opérateur des forces spéciales	1.1 PNJ Réalité	Forces armées		1	330	Les forces spéciales concentrent sélection, expérience, équipement et entraînement dans de petites équipes capables d'agir loin d'un soutien immédiat. Elles ne sont pas surnaturelles, mais elles sont précisément le genre d'adversaires qui rappellent qu'une préparation humaine de très haut niveau peut tuer presque n'importe quoi.
40	bestiaire-v15-deathrunner-merc	Deathrunner / Merc	1.1 PNJ Réalité	Crawlers		1	282	Les Deathrunners vivent de contrats dangereux, de récupération, d'escorte ou de combat. Leur diversité est immense, mais ils partagent souvent la capacité à évaluer rapidement une situation et à décider si le paiement, la réputation ou la survie justifient de continuer à se battre.
41	bestiaire-v15-neurodiver-crawler	Neurodiver Crawler	1.1 PNJ Réalité	Crawlers		1	286	Le Neurodiver Crawler se déplace entre réseaux, sécurités et données avec moins de soutien qu'un CyberCorpo, mais souvent plus de liberté. Il survit grâce à ses outils, ses habitudes et ses contacts ; sur le terrain, il transforme l'environnement connecté en deuxième champ de bataille.
42	bestiaire-v15-meditech-crawler	Meditech Crawler	1.1 PNJ Réalité	Crawlers		1	314	Le Meditech soigne là où les infrastructures classiques n'arrivent pas : safehouses, convois, squats, cliniques clandestines et scènes encore chaudes. Sa valeur tient moins à sa puissance de feu qu'à sa capacité à empêcher une blessure de devenir un décès ou une augmentation endommagée de devenir une catastrophe.
43	bestiaire-v15-gundriver	Gundriver	1.1 PNJ Réalité	Crawlers		1	300	Le Gundriver est conducteur, convoyeur et parfois contrebandier. Son véritable équipement est son véhicule, qu'il connaît assez bien pour utiliser chaque accélération, angle mort et sortie possible. À pied il reste un professionnel correct ; au volant, il peut dicter toute la géographie d'une scène.
44	bestiaire-v15-fixer-crawler	Fixer Crawler	1.1 PNJ Réalité	Crawlers		1	300	Le fixer transforme la réputation et les contacts en infrastructure. Il trouve un employeur, une clinique, une arme, un véhicule, un faux document ou simplement quelqu'un qui acceptera de décrocher son téléphone. Sa survie dépend de sa capacité à ne pas promettre ce qu'il ne peut réellement obtenir.
45	bestiaire-v15-recuperateur-salvager	Récupérateur / Salvager	1.1 PNJ Réalité	Crawlers		1	324	Le récupérateur explore ateliers fermés, carcasses, zones de chantier, bâtiments abandonnés et champs de bataille économiques pour en sortir ce qui possède encore une valeur. Il doit reconnaître rapidement ce qui est utile, ce qui va exploser et ce qui appartient encore à quelqu'un d'assez puissant pour venir le reprendre.
46	bestiaire-v15-courier-contrebandier-crawler	Courier / contrebandier Crawler	1.1 PNJ Réalité	Crawlers		1	283	Le courier vit de ce qui doit arriver à destination sans passer par le chemin officiel : personnes, données, médicaments, pièces ou objets trop sensibles. Il n'est pas nécessairement criminel, mais il maîtrise itinéraires secondaires, contrôles, horaires et improvisation logistique.
47	bestiaire-v15-cultiste-arme	Cultiste armé	1.1 PNJ Réalité	Cultistes et fanatiques		1	329	Une grande partie des cultistes n'a aucun pouvoir. Ils surveillent, recrutent, cachent, enlèvent, menacent et tirent avec des armes parfaitement ordinaires. Leur danger vient de leur conviction, de leur organisation et du fait qu'ils savent souvent exactement ce qu'ils protègent alors que les PJ ne le découvrent qu'en arrivant.
48	bestiaire-v15-garde-fanatique	Garde fanatique	1.1 PNJ Réalité	Cultistes et fanatiques		1	341	Le garde fanatique protège un lieu, une personne ou un objet que sa doctrine place au-dessus de sa propre sécurité. Il reste humain et vulnérable, mais il est plus difficile à disperser par la peur ou l'intimidation ordinaire et peut tenir une position assez longtemps pour permettre à quelque chose de bien pire de se produire derrière lui.
49	bestiaire-v15-neocroise-de-l-auc	Néocroisé de l’AUC	1.1 PNJ Réalité	Église armée et AUC		1	354	L'Assemblée des Néocroisés rassemble des volontaires venus de nombreux horizons après les appels à défendre les communautés chrétiennes. Le niveau varie énormément : ce profil représente un membre réellement formé et intégré à une unité, pas un fidèle armé improvisé. Il relève de l'armée de la Chrétienté Unifiée, pas des trois ordres chasseurs secrets.
50	bestiaire-v15-neo-templier-de-l-auc	Néo-Templier de l’AUC	1.1 PNJ Réalité	Église armée et AUC		1	398	Le Bestiaire utilise « Néo-Templier » pour les combattants modernes de l'AUC qui revendiquent explicitement l'héritage des Templiers et des anciens ordres militaires chrétiens. Ce n'est pas l'un des trois ordres chasseurs secrets : par défaut, le profil est entièrement de Réalité. Il représente une troupe sélectionnée, disciplinée et lourdement entraînée au combat rapproché comme à l'arme à feu.
51	bestiaire-v15-myrophore-de-l-auc	Myrophore de l’AUC	1.1 PNJ Réalité	Église armée et AUC		1	276	L'Ordre des Myrophores est un ordre guerrier issu d'un héritage orthodoxe et ne comprend que des femmes. Dans l'AUC, ses combattantes forment une tradition militaire propre, façonnée par la discipline religieuse et la protection des lieux et personnes considérés comme sacrés.
52	bestiaire-v15-garde-suisse-pontifical	Garde suisse pontifical	1.1 PNJ Réalité	Église armée et AUC		1	381	La garde pontificale moderne n'est plus une poignée cérémonielle : ses effectifs, son entraînement et son équipement ont considérablement augmenté. Elle est mieux équipée que la majorité des corporations de sécurité, et certains officiers disposent de Sehdiacraft sur mesure. Le garde de ligne présenté ici est une élite, sans reprendre les particularités uniques de ces officiers.
53	bestiaire-v15-garde-ecossais-de-la-couronne-pontificale	Garde écossais de la couronne pontificale	1.1 PNJ Réalité	Église armée et AUC		1	303	Issue de l'ancienne garde royale britannique, la garde écossaise a refusé de se fondre dans la garde suisse et sert désormais la couronne pontificale. Elle se spécialise notamment dans la défense des cathédrales et des grandes églises : des bâtiments complexes, symboliques et souvent remplis de civils.
54	bestiaire-v15-garde-cardinalice	Garde cardinalice	1.1 PNJ Réalité	Église armée et AUC		1	331	Chaque Primat entretient sa propre garde cardinalice sur le modèle de la garde pontificale. Elles sont moins homogènes entre continents, mais recrutent dans des viviers de vétérans particulièrement endurcis. Le profil représente une moyenne d'élite ; le style, l'armement et les traditions de chaque garde peuvent varier fortement.
55	bestiaire-v15-partisan-du-djyhad	Partisan du Djyhad	1.1 PNJ Réalité	Autres réseaux religieux		1	360	Le « Djyhad » désigne ici un courant armé musulman fictif né des crises et organisé autour de la défense de certaines communautés, convois et lieux de culte. Ses partisans entraînés appartiennent à cette organisation précise : ils ne représentent ni l'islam en général ni les fidèles musulmans ordinaires, dont les vies et institutions sont bien plus diverses.
56	bestiaire-v15-defenseur-du-grand-architecte	Défenseur du Grand Architecte	1.1 PNJ Réalité	Autres réseaux religieux		1	315	Le courant du Grand Architecte voit augmentation et cybernétique comme des instruments permettant à l'Humanité de dépasser les limites de la chair. Certains centres, laboratoires confessionnels et communautés technophiles emploient donc des défenseurs à l'aise avec les implants, les réseaux et la sécurité moderne.
57	bestiaire-v15-volontaire-de-protection-confessionnelle	Volontaire de protection confessionnelle	1.1 PNJ Réalité	Autres réseaux religieux		1	334	Mosquées, synagogues, gurdwaras, temples, églises et associations spirituelles peuvent entretenir leur propre sécurité communautaire sans constituer une armée. Ce profil représente un volontaire ou salarié correctement formé, chargé de filtrer un accès, protéger une cérémonie et faire gagner du temps jusqu'à l'arrivée des autorités.
58	bestiaire-v15-secouriste-logisticien-confessionnel	Secouriste / logisticien confessionnel	1.1 PNJ Réalité	Autres réseaux religieux		1	331	Une grande partie de la puissance retrouvée des religions vient de leurs réseaux d'entraide : dispensaires, repas, hébergement, transport, collecte et accueil des déplacés. Le logisticien confessionnel peut être médecin, coordinateur ou responsable associatif ; il est utile précisément parce qu'il n'est pas un combattant de plus.
59	bestiaire-v15-courtier-shaediri	Courtier Shaediri	1.2 PNJ Vérité	Populations extrales et réseaux xéno	Réseau Shaediri — Los Demonos	1	227	Intermédiaire du marché de Los Demonos, le Courtier Shaediri vaut surtout par son carnet de dettes : il sait qui possède une cellule, qui adapte une arme Thalsios et quel service vaut réellement trois points de crédit Shaediri.
60	bestiaire-v15-garde-de-marche-shaediri	Garde de marché Shaediri	1.2 PNJ Vérité	Populations extrales et réseaux xéno	Réseau Shaediri — Los Demonos	1	245	Sécurité contractuelle des zones de commerce xéno, le Garde Shaediri peut appartenir à plusieurs espèces. Ses traits biologiques doivent suivre son peuple réel ; le bloc décrit avant tout sa fonction, son équipement et sa doctrine de protection.
61	bestiaire-v15-technicien-recuperateur-shaediri	Technicien-récupérateur Shaediri	1.2 PNJ Vérité	Populations extrales et réseaux xéno	Réseau Shaediri — Los Demonos	1	251	Les ateliers Shaediri maintiennent des technologies incompatibles entre elles. Le technicien ne comprend pas nécessairement toute la science d’un objet ; il sait surtout le diagnostiquer, l’alimenter, l’adapter et reconnaître ce qui risque d’exploser.
62	bestiaire-v15-extracteur-shaediri	Extracteur Shaediri	1.2 PNJ Vérité	Populations extrales et réseaux xéno	Réseau Shaediri — Los Demonos	1	214	L’Extracteur est chargé de faire sortir une personne, une cargaison ou un objet d’un quartier avant que le contrat adverse ne se referme. Ce n’est pas un soldat de ligne : il gagne en survivant avec la marchandise.
63	bestiaire-v15-intermediaire-feeshri	Intermédiaire Feeshri	1.2 PNJ Vérité	Populations extrales et réseaux xéno	Filière Feeshri	1	237	L’Intermédiaire Feeshri manipule contrats et dispositifs de la filière sans représenter à lui seul tout le réseau. Un véritable talent psychique lui permet de tirer parti d’un Résonateur de volonté et de sécuriser les échanges sensibles.
64	bestiaire-v15-garde-feeshri-au-n-ud-bleu	Garde Feeshri au Nœud bleu	1.2 PNJ Vérité	Populations extrales et réseaux xéno	Filière Feeshri	1	240	Le Garde Feeshri protège les transactions de très haut niveau. Entraînement physique, défense occulte et carabine Nœud bleu lui permettent d’amplifier une intrusion mentale déjà maîtrisée plutôt que de compter sur la seule puissance de feu.
65	bestiaire-v15-operateur-thalsios	Opérateur Thalsios	1.2 PNJ Vérité	Populations extrales et réseaux xéno	Thalsios	1	239	Un Opérateur Thalsios adulte est aussi à l’aise dans de nombreux environnements terrestres qu’aquatiques. Sans être un combattant d’élite, sa physiologie supporte des conditions qui imposeraient déjà une logistique spécialisée à un Humain.
66	bestiaire-v15-garde-de-communaute-thalsios	Garde de communauté Thalsios	1.2 PNJ Vérité	Populations extrales et réseaux xéno	Thalsios	1	223	Les communautés thalsios disposent de gardes capables d’exploiter une physiologie dense et une forte résistance mentale. L’Atomus leur permet d’adapter le tir à la distance tout en tenant des accès terrestres ou aquatiques.
67	bestiaire-v15-marine-thalsios-hydro-atomus	Marine Thalsios Hydro-Atomus	1.2 PNJ Vérité	Populations extrales et réseaux xéno	Thalsios	1	235	Le Marine Thalsios est équipé pour combattre dans l’eau et autour des structures immergées. Son Atomus reçoit un module Hydro adapté au milieu, tandis que sa mobilité amphibie lui permet de défendre des coques, ports et habitats noyés.
68	bestiaire-v15-pisteur-mo-sen	Pisteur Mo’sen	1.2 PNJ Vérité	Populations extrales et réseaux xéno	Mo’sens	1	236	Le Pisteur Mo’sen exploite cuirasse naturelle, griffes, dentition et thermovision pour suivre une cible dans des environnements difficiles. Son rôle associe reconnaissance, survie et combat rapproché plutôt que simple poursuite humaine.
69	bestiaire-v15-mercenaire-mo-sen-trius	Mercenaire Mo’sen Trius	1.2 PNJ Vérité	Populations extrales et réseaux xéno	Mo’sens	1	196	Le Mercenaire Mo’sen emploie un Trius conçu pour sa morphologie et profite de ses poussées hormonales lors des échanges courts. Il reste un combattant professionnel avant d’être une brute animale.
70	bestiaire-v15-chasseur-de-prime-mo-sen	Chasseur de prime Mo’sen	1.2 PNJ Vérité	Populations extrales et réseaux xéno	Mo’sens	1	218	Le Chasseur de prime Mo’sen privilégie la capture vivante : encerclement, lecture thermique et armement EMP lui permettent de neutraliser une cible avant qu’elle ne puisse disparaître ou détruire ce qui fait sa valeur.
71	bestiaire-v15-sniper-serys	Sniper Sérys	1.2 PNJ Vérité	Populations extrales et réseaux xéno	Sérys	1	266	Les Sérys sont rares en Californie : humanoïdes elfoïdes rapides, intelligents et souvent doués psychiquement, ils se rencontrent notamment comme mercenaires, snipers, chasseurs de prime, espions ou saboteurs. Le sniper associe patience, mobilité et armement plasma.
72	bestiaire-v15-saboteur-serys	Saboteur Sérys	1.2 PNJ Vérité	Populations extrales et réseaux xéno	Sérys	1	241	Le Saboteur Sérys associe mobilité, perception et dons psychiques pour pénétrer une zone, identifier une faiblesse et disparaître avant la réaction adverse. Il évite les affrontements prolongés lorsque l’objectif peut être atteint autrement.
73	bestiaire-v15-mercenaire-ad-rak	Mercenaire Ad’rak	1.2 PNJ Vérité	Populations extrales et réseaux xéno	Ad’rak	1	258	Un Ad’rak libre travaillant dans la sécurité, la défense ou les groupes paramilitaires est déjà une présence physique hors échelle humaine. Même sans équipement exceptionnel, son gabarit lui permet des actions de force inaccessibles à la plupart des Humains.
74	bestiaire-v15-veteran-lourd-ad-rak	Vétéran lourd Ad’rak	1.2 PNJ Vérité	Populations extrales et réseaux xéno	Ad’rak	1	236	Le Vétéran lourd est un ancien sujet de guerre ou mercenaire très expérimenté. Il combine la masse Ad’rak à une protection lourde adaptée, sans pour autant représenter les capacités maximales des formations militaires les plus avancées.
75	bestiaire-v15-drone-de-reconnaissance-aidh-ancien	Drone de reconnaissance AIDH ancien	1.2 PNJ Vérité	Menaces artificielles	Reliquats AIDH	1	255	Ce châssis de reconnaissance de génération dépassée peut subsister dans un dépôt, accompagner une ancienne cellule ou avoir été revendu après déclassement. Ses capteurs restent excellents sans lui permettre de voir automatiquement au-delà de l’Hologramme.
76	bestiaire-v15-drone-de-combat-aidh-declassifie	Drone de combat AIDH déclassifié	1.2 PNJ Vérité	Menaces artificielles	Reliquats AIDH	1	188	Cette plateforme terrestre utilise des principes d’armement AIDH ancien. Sa doctrine est simple : couverture, acquisition, tir et déplacement ; elle n’improvise pas comme un soldat vivant.
77	bestiaire-v15-drone-de-breche-aidh-ancien	Drone de brèche AIDH ancien	1.2 PNJ Vérité	Menaces artificielles	Reliquats AIDH	1	180	Le Drone de brèche ouvre portes, coques et barricades avant l’entrée d’une équipe. Lent, blindé et très peu subtil, il est plus proche d’un outil de siège autonome que d’un soldat.
78	bestiaire-v15-drone-de-confinement-aidh-ancien	Drone de confinement AIDH ancien	1.2 PNJ Vérité	Menaces artificielles	Reliquats AIDH	1	209	Le Drone de confinement combine capteurs de cohérence et techniques anti-possession. Il n’annule pas le surnaturel : il crée une zone instrumentée qui rend certaines manifestations plus difficiles à maintenir.
79	bestiaire-v15-automate-de-recuperation-g-corporation	Automate de récupération G-corporation	1.2 PNJ Vérité	Menaces artificielles	Automates de G-corporation	1	246	L’Automate de récupération reçoit l’identité d’un actif, vient le récupérer et ignore tout ce qui ne bloque pas directement sa mission. Sa logique est étroite, déterminée et beaucoup plus dangereuse qu’un comportement de simple robot de sécurité.
80	bestiaire-v15-sentinelle-biometrique-g-corporation	Sentinelle biométrique G-corporation	1.2 PNJ Vérité	Menaces artificielles	Automates de G-corporation	1	234	Plateforme statique ou semi-mobile, la Sentinelle biométrique protège une salle, un coffre ou un dispositif dont l’accès dépend d’une signature biologique, mentale ou énergétique. Sa puissance vient d’abord de la fermeture du terrain.
81	bestiaire-v15-gardien-de-silcenter	Gardien de Silcenter	1.2 PNJ Vérité	Exilés	Silcenters et HDS	1	289	Les Silcenters sont des quartiers de Vérité protégés où logements, commerces, écoles et lieux d’apprentissage permettent aux Exilés de vivre sans traiter chaque Révélation comme une crise. Le Gardien cherche d’abord à contenir une exposition, évacuer les civils et préserver la communauté.
82	bestiaire-v15-praticien-hds-de-l-union-elfique	Praticien HDS de l’Union Elfique	1.2 PNJ Vérité	Exilés	Silcenters et HDS	1	292	La HDS — Hologram Distorsion Skill — est une discipline de distorsion du Voile particulièrement systématisée par l’Union Elfique. Un praticien expérimenté peut sentir une Révélation, en bloquer la progression et faire réagir l’Hologramme contre un usage trop manifeste de capacités de Vérité.
83	bestiaire-v15-eclaireur-du-faucon-de-malachite	Éclaireur du Faucon de Malachite	1.2 PNJ Vérité	Exilés	Croix d’Emphyrra	1	213	Le Faucon de Malachite défend autonomie, terrain et refus des dépendances. Ses éclaireurs lisent le terrain, se camouflent contre les capteurs et pratiquent un sabotage ciblé au sein d’équipes de terrain modernes.
84	bestiaire-v15-thaumamedecin-du-serpentaire-de-citrine	Thaumamédecin du Serpentaire de Citrine	1.2 PNJ Vérité	Exilés	Croix d’Emphyrra	1	250	Le Serpentaire de Citrine associe exigence, maîtrise des codes et haute médecine magique. Le Thaumamédecin maintient un groupe en état, corrige des afflictions récentes et restaure des lésions graves lorsque la scène lui laisse suffisamment de temps.
85	bestiaire-v15-exorciste-de-l-aigle-de-larvikite	Exorciste de l’Aigle de Larvikite	1.2 PNJ Vérité	Exilés	Croix d’Emphyrra	1	262	L’Aigle de Larvikite cultive l’intransigeance spirituelle, les rites anciens d’Aèr et le refus de la soumission. Ses Exorcistes se spécialisent dans possessions, ancrages, autels et pressions surnaturelles plutôt que dans la simple fonction de prêtre combattant.
86	bestiaire-v15-veilleur-du-hibou-d-onyx	Veilleur du Hibou d’Onyx	1.2 PNJ Vérité	Exilés	Croix d’Emphyrra	1	265	Le Hibou d’Onyx étudie les Ombres, leurs ancrages et une symbiose contrôlée avec l’immatérialité. Ses techniques le rendent dangereux dans les lieux hantés, mais elles restent bornées : il n’obtient ni omniscience spirituelle ni invulnérabilité physique permanente.
87	bestiaire-v15-runiste-whurten	Runiste whurten	1.2 PNJ Vérité	Exilés	Héritages whurtens	1	247	Les Runes whurtennes sont des pictogrammes réellement inscrits sur un support. Le Runiste de terrain prépare garde, scellement et interaction avec l’immatériel ; sa magie est lente et matérielle, et détruire le support détruit aussi l’inscription.
88	bestiaire-v15-garde-de-jade	Garde de Jade	1.2 PNJ Vérité	Exilés	Réseaux ashylls et Syndicat de Jade	1	296	Le Syndicat de Jade est une grande mafia de la Vérité historiquement gobelino-thulkar, mais capable d’intégrer d’autres Exilés. Ses équipes de sécurité protègent Jadecenters, courtiers et transactions en utilisant le couvert, le feu croisé et une mobilité préparée plutôt qu’une armure de guerre.
89	bestiaire-v15-contrebandier-ashyll-du-syndicat-de-jade	Contrebandier ashyll du Syndicat de Jade	1.2 PNJ Vérité	Exilés	Réseaux ashylls et Syndicat de Jade	1	205	Le Contrebandier ashyll maîtrise routes grises, points morts et cargaisons de Vérité. Sa petite morphologie et son talent d’improvisation se combinent avec l’infrastructure clandestine du Syndicat de Jade.
90	bestiaire-v15-guerrier-de-la-horde-divine	Guerrier de la Horde Divine	1.2 PNJ Vérité	Exilés	Hordes thulkars	1	215	La Horde Divine suit une doctrine d’Ashorn fondée sur la coordination, la fixation de cible et la riposte. Un guerrier expérimenté y vaut autant par la cohésion qu’il crée autour de lui que par sa force personnelle.
91	bestiaire-v15-sapeur-de-la-horde-des-cendres	Sapeur de la Horde des Cendres	1.2 PNJ Vérité	Exilés	Hordes thulkars	1	260	La Horde des Cendres transpose l’héritage thulkar dans le chantier, la fortification et l’effort collectif. Ce sapeur est capable de transformer en quelques instants un décor disponible en position défensive ou de tenir une structure le temps d’une évacuation.
92	bestiaire-v15-technomage-azmenorien-servant-de-pluton	Technomage azménorien — Servant de Pluton	1.2 PNJ Vérité	Exilés	Héritages azménoriens	1	321	Les Servants de Pluton connaissent particulièrement bien les technologies extrales et veulent garder la Terre invisible et peu intéressante pour la galaxie. Le Technomage combine cette doctrine de discrétion avec une Technomagie moderne, sans disposer des capacités impériales antiques ni des technologies AIDH de pointe.
93	bestiaire-v15-krovni-rytsari-chevalier-ecarlate	Krovni Rytsari — Chevalier écarlate	1.2 PNJ Vérité	Autres populations intelligentes de Vérité	Vampires	1	204	Un Krovni est un prédateur de guerre : rang, serment et commandement sont aussi importants que la brutalité. Ce vétéran exprime un Sang Écarlate centré sur la force, la vitesse et la perception hématique.
94	bestiaire-v15-alghul-almalakiu-thanatologue-traqueur	Alghul Almalakiu — Thanatologue traqueur	1.2 PNJ Vérité	Autres populations intelligentes de Vérité	Vampires	1	248	L’Alghul vit au voisinage des morts sans être lui-même un Revenant. Écho des Morts et Sang Traqueur font de ce spécialiste un enquêteur terrifiant : il lit les restes, diagnostique les faiblesses anatomiques et façonne son sang comme outil ou arme.
95	bestiaire-v15-oru-ayeraye-infiltrateur-masque	Oru Ayeraye — Infiltrateur masqué	1.2 PNJ Vérité	Autres populations intelligentes de Vérité	Vampires	1	218	La Cour des Ténèbres sait littéralement disparaître dans l’obscurité. Associée au Sang Masqué, elle produit un infiltrateur capable de copier visage, voix et morphologie d’anciennes proies sans obtenir leurs souvenirs.
96	bestiaire-v15-ihuito-meztzi-duelliste-orageux	Ihuito Meztzi — Duelliste orageux	1.2 PNJ Vérité	Autres populations intelligentes de Vérité	Vampires	1	177	Chez l’Ihuito, la Prédation alimente immédiatement les manifestations du Sang. Ce duelliste de Sang Orageux transforme chaque morsure réussie en fenêtre de surcharge électrique.
97	bestiaire-v15-shi-hun-zhe-revelateur-de-l-equilibre	Shi Hun Zhe — Révélateur de l’Équilibre	1.2 PNJ Vérité	Autres populations intelligentes de Vérité	Vampires	1	228	Le Shi Hun Zhe vole momentanément un équilibre que sa malédiction ne devrait pas posséder. Avec le Sang Révélateur, il lit les pensées présentes et confronte les illusions ou transformations surnaturelles à une vérité sanglante.
98	bestiaire-v15-gardien-du-pelage-gris	Gardien du Pelage Gris	1.2 PNJ Vérité	Autres populations intelligentes de Vérité	Garous — Pelages	1	152	Le Gris place la meute avant sa propre sécurité. Sa Tradition lui permet de traverser le combat pour devenir la cible d’une attaque destinée à un allié.
99	bestiaire-v15-chasseur-territorial-du-pelage-noir	Chasseur territorial du Pelage Noir	1.2 PNJ Vérité	Autres populations intelligentes de Vérité	Garous — Pelages	1	167	Le Noir transforme un lieu qu’il a parcouru et marqué en territoire de meute. Sur ce terrain il est très difficile à Surprendre et coordonne instinctivement la chasse.
100	bestiaire-v15-ulfhednar-du-pelage-blanc	Ulfhednar du Pelage Blanc	1.2 PNJ Vérité	Autres populations intelligentes de Vérité	Garous — Pelages	1	178	Le Blanc est le Garou de discipline martiale : il retient une part de son action pour réagir, coordonne les compétences de combat et puise dans la mémoire des anciens Ulfhednars.
101	bestiaire-v15-lame-vive-du-pelage-roux	Lame vive du Pelage Roux	1.2 PNJ Vérité	Autres populations intelligentes de Vérité	Garous — Pelages	1	269	Le Roux maîtrise la transformation partielle : même sans prendre l’hybride complet, il fait apparaître griffes, crocs, sens ou puissance localisée. Le bloc ci-dessous le montre finalement en hybride, mais ses traits permettent de le jouer dangereux avant la Mue totale.
102	bestiaire-v15-mediateur-du-pelage-brun	Médiateur du Pelage Brun	1.2 PNJ Vérité	Autres populations intelligentes de Vérité	Garous — Pelages	1	180	Le Brun est le Pelage de l’accord spirituel. Il perçoit les Keltas/esprits, communique avec eux et peut calmer sa propre Frénésie ou nouer un petit pacte avec un esprit compatible.
103	bestiaire-v15-devoreur-de-traces-du-pelage-dore	Dévoreur de Traces du Pelage Doré	1.2 PNJ Vérité	Autres populations intelligentes de Vérité	Garous — Pelages	1	194	Le Doré consomme une part de créatures surnaturelles mortes pour retenir temporairement une Trace de leur nature. Ce n’est pas une copie intégrale : il vole une propriété simple et identifiable.
104	bestiaire-v15-grand-felin-tigre-de-l-angle-mort	Grand Félin — Tigre de l’angle mort	1.2 PNJ Vérité	Autres populations intelligentes de Vérité	Autres descendants de Khinae	1	205	Les grands Félins sont parmi les Khinae les plus redoutables individuellement. Ce Tigre privilégie l’embuscade, le bond et l’écrasement d’une proie isolée plutôt qu’une organisation comparable aux Pelages.
105	bestiaire-v15-serpent-khinae-vipere-hemotoxique	Serpent Khinae — Vipère hémotoxique	1.2 PNJ Vérité	Autres populations intelligentes de Vérité	Autres descendants de Khinae	1	194	Les Hommes-Serpents survivent en petites lignées dispersées. Cette variante Vipère privilégie frappe de réaction, perception du vivant et venin hémotoxique plutôt que la masse d’un constricteur.
106	bestiaire-v15-renard-khinae-libre-faussaire-de-pistes	Renard Khinae libre — Faussaire de pistes	1.2 PNJ Vérité	Autres populations intelligentes de Vérité	Autres descendants de Khinae	1	254	La plupart des Renards connus ont été happés par V’Aagor, mais quelques lignées Khinae demeurent libres. Leur ruse n’est pas une illusion universelle : elle agit surtout sur ce qu’ils laissent derrière eux — odeurs, sons, traces et directions plausibles.
107	bestiaire-v15-requin-khinae-predateur-des-courants	Requin Khinae — Prédateur des courants	1.2 PNJ Vérité	Autres populations intelligentes de Vérité	Autres descendants de Khinae	1	232	Les Hommes-Requins sont les principaux Khinae marins ayant conservé leur indépendance face à Thul. En forme hybride et dans l’eau, ils chassent par sang, pression et activité bioélectrique, puis verrouillent physiquement leur proie.
108	bestiaire-v15-bouda-chasseur-de-bande	Bouda — Chasseur de Bande	1.2 PNJ Vérité	Autres populations intelligentes de Vérité	Autres descendants de Khinae	1	227	Les Hommes-Hyènes ont reconstruit des communautés secrètes après avoir frôlé l’extermination. Leur Bande n’est pas une Meute de Garous : elle est temporaire, bruyante, opportuniste et se recompose autour d’un objectif immédiat.
109	bestiaire-v15-berserkir-homme-ours	Berserkir — Homme-Ours	1.2 PNJ Vérité	Autres populations intelligentes de Vérité	Autres descendants de Khinae	1	303	Les Berserkirs sont des descendants de Khinae massifs et rarement organisés en grandes communautés. Leur ancien pacte avec les Ulfhednars explique qu’ils puissent parfois apparaître aux côtés des Pelages Blancs, mais leur identité première reste celle d’un corps de guerre presque impossible à déplacer.
110	bestiaire-v15-crocodilien-khinae-fossile-d-embuscade	Crocodilien Khinae — Fossile d’embuscade	1.2 PNJ Vérité	Autres populations intelligentes de Vérité	Autres descendants de Khinae	1	209	Les Crocodiliens incarnent la branche terrestre Khinae la plus lourdement blindée : immobilité presque parfaite, embuscade aquatique, prise de mâchoire et capacité à entraîner une proie dans son propre milieu.
111	bestiaire-v15-rapace-khinae-faucon-des-hauteurs	Rapace Khinae — Faucon des hauteurs	1.2 PNJ Vérité	Autres populations intelligentes de Vérité	Autres descendants de Khinae	1	198	Les lignées aviaires dominent la verticalité sans créer un sous-système de vol permanent. Ce Faucon enchaîne bonds ailés, perchoirs et plongées rapides, puis doit toujours retrouver un support réel.
112	bestiaire-v15-chat-khinae-intermediaire-entre-les-monstres	Chat Khinae — Intermédiaire entre les monstres	1.2 PNJ Vérité	Autres populations intelligentes de Vérité	Autres descendants de Khinae	1	261	Les Hommes-Chats ont survécu moins par domination physique que par curiosité, diplomatie et capacité à passer là où personne ne les attend. Beaucoup de créatures acceptent de parler à un Chat précisément parce qu’il refuse d’être le familier de qui que ce soit.
113	bestiaire-v15-mage-kaharal-architetramancien-de-combat	Mage Kaharal — Architétramancien de combat	1.2 PNJ Vérité	Autres populations intelligentes de Vérité	Mages	1	177	Kaharal agit sur matière, forme et monde physique. Cet architétramancien connaît surtout les éléments et modèle le décor plutôt que de chercher une exécution anatomique absurde.
114	bestiaire-v15-mage-meldir-scelleur-thaumamedecin	Mage Meldir — Scelleur thaumamédecin	1.2 PNJ Vérité	Autres populations intelligentes de Vérité	Mages	1	209	Meldir regroupe ordre, lumière et restauration. Le Scelleur thaumamédecin combine Acratomancie de scellement et Médéomancie ; il est surtout dangereux parce qu’il contrôle la scène tout en réparant ses alliés.
115	bestiaire-v15-mage-elinaeth-telekinete-divinatoire	Mage Elinaeth — Télékinète divinatoire	1.2 PNJ Vérité	Autres populations intelligentes de Vérité	Mages	1	182	Elinaeth agit sur forces, information et continuum. Ce Mage utilise Télékinésie et Divination comme outils complémentaires : apprendre où agir puis appliquer la force au bon endroit.
116	bestiaire-v15-mage-mestherak-spectromancien-hematique	Mage Mestherak — Spectromancien hématique	1.2 PNJ Vérité	Autres populations intelligentes de Vérité	Mages	1	251	Mestherak traite âme, mort et essence vitale. Ce praticien dialogue avec les spectres et utilise le sang exposé comme matière magique ; il ne peut ni sélectionner gratuitement un organe invisible ni confondre animation d’un cadavre et retour de l’âme.
117	bestiaire-v15-mage-discella-illusionniste-skiamant	Mage Discella — Illusionniste skiamant	1.2 PNJ Vérité	Autres populations intelligentes de Vérité	Mages	1	179	Discella manipule ombre, mensonge et malédiction. L’Illusionniste skiamant combine Pseudomancie et Skiamancie pour contrôler lignes de vue, fausses présences et substance d’Ombre.
118	bestiaire-v15-oracle-de-mephisto-tentateur-du-hasard	Oracle de Méphisto — Tentateur du Hasard	1.2 PNJ Vérité	Autres populations intelligentes de Vérité	Daemons	1	187	Méphisto règne sur l’Occulte, la Parole et le Hasard. Son Oracle préfère obtenir l’information, déplacer les choix et faire croire que le hasard a parlé plutôt que gagner un duel frontal.
119	bestiaire-v15-tourmenteur-de-satan-juge-des-fautes	Tourmenteur de Satan — Juge des fautes	1.2 PNJ Vérité	Autres populations intelligentes de Vérité	Daemons	1	247	Satan est le Juge : ses pouvoirs fonctionnent particulièrement bien lorsqu’une responsabilité précise a réellement été établie. Ce Tourmenteur ne punit pas « le péché » au sens vague ; il désigne une faute et confronte l’auteur à ses conséquences.
120	bestiaire-v15-legionnaire-de-baal-chevalier-de-guerre	Légionnaire de Baal — Chevalier de guerre	1.2 PNJ Vérité	Autres populations intelligentes de Vérité	Daemons	1	181	Baal incarne la Guerre. Son Légionnaire convertit sa propre substance en arme et armure surnaturelles, puis coordonne la violence comme une discipline plutôt qu’une simple frénésie.
121	bestiaire-v15-porte-aube-de-lucifer	Porte-aube de Lucifer	1.2 PNJ Vérité	Autres populations intelligentes de Vérité	Daemons	1	240	Lucifer est déchu mais reste un Soleil. Cette incarnation privilégie radiance, courage et cycle vital : elle peut être un adversaire létal pour les créatures intrinsèquement vulnérables au solaire tout en servant de guérisseur à ses alliés.
122	bestiaire-v15-trone-d-arathim-enqueteur-de-la-loi	Trône d’Arathim — Enquêteur de la Loi	1.2 PNJ Vérité	Autres populations intelligentes de Vérité	Angelus	1	201	Les Trônes excellent dans l’enquête spirituelle, la désignation et le jugement. Cette Maisonnée de Gabrielle résonne avec la Loi : elle cherche d’abord à qualifier l’acte avant de prononcer l’Anathème.
123	bestiaire-v15-vertu-de-hazel-purificatrice-des-larmes	Vertu de Hazel — Purificatrice des Larmes	1.2 PNJ Vérité	Autres populations intelligentes de Vérité	Angelus	1	216	Les Vertus agissent sur états émotionnels, souillures et restauration. Hazel, Séraphin de Raphael lié au Sel et aux Larmes, ajoute une résonance particulière avec la déception, la perte et la souffrance émotionnelle.
124	bestiaire-v15-domination-de-graphiel-executeur	Domination de Graphiel — Exécuteur	1.2 PNJ Vérité	Autres populations intelligentes de Vérité	Angelus	1	222	Les Dominations sont les assassins et combattants célestes. Graphiel, Séraphin de Michel, permet de consacrer une arme réelle comme Épée de Dieu ; ses Exécuteurs poursuivent une cible marquée plutôt que de tenir une ligne.
125	bestiaire-v15-aralim-de-metatron-architecte-renegat	Aralim de Metatron — Architecte renégat	1.2 PNJ Vérité	Autres populations intelligentes de Vérité	Angelus	1	266	Metatron est un Archange renégat associé à la Création ; son Séraphin Aralim relève de la Construction. Un Angelus renégat n’est pas automatiquement démoniaque : il emploie encore une puissance céleste, mais hors de l’autorité institutionnelle des Archanges fidèles.
126	bestiaire-v15-sentinelle-d-erith	Sentinelle d’Erith	1.2 PNJ Vérité	Autres populations intelligentes de Vérité	Aseryns	1	172	Erith est la Tradition de la veille. Ses membres excellent à remarquer l’intrusion, prévenir leurs alliés et transformer un lieu étudié en périmètre difficile à Surprendre.
127	bestiaire-v15-theanai-medecin-de-verite	Theanai — Médecin de Vérité	1.2 PNJ Vérité	Autres populations intelligentes de Vérité	Aseryns	1	202	La Maison de Theana prolonge la Tradition de la Guérisseuse. Les Theanai combinent physiologie aseryne, diagnostic et médecine sous des conditions impossibles sans transformer le soin en magie gratuite.
128	bestiaire-v15-maitre-de-dratyn-foudre-originelle	Maître de Dratyn — Foudre originelle	1.2 PNJ Vérité	Autres populations intelligentes de Vérité	Aseryns	1	237	Dratyn avait pour mission de préserver et transmettre la maîtrise de la Foudre. La voie du Créateur privilégie puissance brute et capacité à casser les constructions magiques, sans transformer toute Tradition aseryne en école électrique.
129	bestiaire-v15-gardien-du-conseil-de-la-foudre	Gardien du Conseil de la Foudre	1.2 PNJ Vérité	Autres populations intelligentes de Vérité	Aseryns	1	253	Le Conseil de la Foudre est une tradition serathéenne nord-américaine chamanique centrée sur les Ancêtres conservés par la Grotte. Ce Gardien détecte possessions et esprits, aide les autres à résister et peut expulser rituellement un occupant spirituel.
130	bestiaire-v15-voyageur-seratheen-de-sundosia	Voyageur serathéen de Sundosia	1.2 PNJ Vérité	Autres populations intelligentes de Vérité	Aseryns	1	390	Les Serathéens ne sont pas une sous-espèce aseryne séparée : ce sont des lignées métissées et dispersées dont les cultures se sont adaptées aux régions de survie. Ce voyageur suit la Tradition de Sundosia, l’Aventurière ; il représente un Serathéen mobile, curieux et particulièrement apte à improviser dans un environnement inconnu, sans supposer qu’il appartienne au Conseil de la Foudre.
131	bestiaire-v15-spectre-commun	Spectre commun	2.1 Revenants	Fantômes et entités spectrales		1	335	Un Spectre est ce qui subsiste d'un mort lorsque son âme, ses souvenirs ou une part suffisamment forte de sa volonté reste attachée au monde. Certains répètent un instant de leur mort ; d'autres conservent intelligence et rancune. Leur influence est généralement centrée sur un objet, des restes ou un lieu qui sert de point d'ancrage.
132	bestiaire-v15-dame-blanche	Dame blanche	2.1 Revenants	Fantômes et entités spectrales		1	362	La Dame blanche est un Spectre lié à une mort tragique et à un lieu précis : route, pont, forêt, rive ou bâtiment. Elle apparaît sous une forme idéalisée, souvent dans le brouillard, et peut chercher à prévenir d'un danger autant qu'à éloigner les vivants de quelque chose qui lui appartenait. Chaque nouvelle mort sur son territoire tend à dégrader sa lucidité.
133	bestiaire-v15-sluagh	Sluagh	2.1 Revenants	Fantômes et entités spectrales		1	357	Le Sluagh est un Fantôme dont l'ectoplasme est devenu assez dense pour prendre une forme grotesque et prédatrice. Il chasse les mourants, les malades et les personnes isolées, et se rassemble volontiers en nuées dans les égouts, cimetières ou décharges. Contrairement au Spectre ordinaire, il emporte avec lui un noyau d'ectoplasme qui lui permet de migrer.
134	bestiaire-v15-lemure	Lémure	2.1 Revenants	Fantômes et entités spectrales		1	351	Le Lémure est un Fantôme puissant qui refuse de dépendre d'un unique objet d'ancrage. Il étend son influence à une maison, une lignée, un temple ou un ensemble d'objets jusqu'à transformer tout l'environnement en prolongement de sa présence. Beaucoup sont les restes de sorciers ou d'individus dont la volonté de vengeance dépasse largement leur mort.
135	bestiaire-v15-skinwalker	Skinwalker	2.1 Revenants	Fantômes et entités spectrales		1	342	Le Skinwalker est le Fantôme d'un chaman ou magicien malfaisant qui survit avec l'aide d'un esprit allié. Il conserve les crânes de ses victimes et utilise leurs peaux pour revêtir des formes humaines ou animales. Il copie l'apparence et les capacités physiques de la peau portée, mais pas les souvenirs intimes de la personne qu'il remplace.
136	bestiaire-v15-vetala	Vetâla	2.1 Revenants	Fantômes et entités spectrales		1	343	Le Vetâla naît d'une mort et de rites funéraires profondément manqués ou profanés. Il ne possède pas son propre cadavre : il s'empare d'autres morts et poursuit la vengeance liée à ces dépouilles. Un même Vetâla peut préparer plusieurs corps d'accueil et passer de l'un à l'autre, ce qui rend sa chasse beaucoup plus géographique que frontale.
137	bestiaire-v15-holowraith-frag	Holowraith / Frag	2.1 Revenants	Fantômes et entités spectrales		1	367	Le Holowraith est une pensée humaine séparée de son corps lors d'un accident Neural ou d'une mort sur l'Holonet. Ce n'est ni une IA ni un simple programme : il poursuit des buts personnels, accumule des données et se fragmente progressivement à mesure qu'il vieillit ou assimile d'autres Frags. Dans le monde physique, il n'existe qu'à travers les systèmes connectés.
138	bestiaire-v15-pat	PAT	2.1 Revenants	Fantômes et entités spectrales		1	354	Un PAT - Paradoxe des Artefacts Temporels - est la trace d'une personne effacée lorsqu'un événement futur modifie sa propre histoire. Il se souvient d'une vie que personne d'autre n'a vécue et existe comme un défaut de la nouvelle ligne temporelle. Ces spectres sont rares, désorientés et entourés de ralentissements, répétitions ou instants impossibles.
139	bestiaire-v15-la-llorona	La Llorona	2.1 Revenants	Fantômes et entités spectrales		1	394	Tradition : Mexique et monde hispano-américain. Classification TUC : Revenant — Fantôme. La « femme qui pleure » appartient à un ensemble de récits très variables, mais la rencontre nocturne, les lamentations et le voisinage de routes ou de cours d’eau sont des motifs particulièrement persistants. TUC ne fixe pas une biographie unique : la vérité locale doit être découverte dans le scénario.
140	bestiaire-v15-churel-chudail	Churel / Chudail	2.1 Revenants	Fantômes et entités spectrales		1	452	Tradition : Asie du Sud, avec de nombreuses variantes régionales. Classification TUC : Revenant — Fantôme. Les récits décrivent souvent le retour d’une femme morte pendant la grossesse ou l’accouchement, parfois après mauvais traitements, et associent la Churel aux carrefours, lieux funéraires ou familles responsables de sa mort. Les pieds retournés et l’apparence séduisante ou terrifiante sont des signes récurrents, pas une obligation universelle.
141	bestiaire-v15-yurei	Yūrei	2.1 Revenants	Fantômes et entités spectrales		1	395	Tradition : Japon. Classification TUC : Revenant — Fantôme. Le terme yūrei couvre les esprits de morts demeurés dans le monde des vivants par attachement, rancœur ou rites funéraires insuffisants. Leur iconographie blanche et sans pieds est tardive et ne doit pas remplacer l’histoire du défunt : dans TUC, le lieu, la dette et la raison du retour sont plus importants que le costume du fantôme.
142	bestiaire-v15-rusalka	Rusalka	2.1 Revenants	Fantômes et entités spectrales		1	377	Traditions slaves orientales et voisines, avec de fortes variations régionales. Classification TUC : Revenant — Fantôme. La Rusalka est un mort lié à l’eau, à une mort prématurée ou à un ancrage funéraire. Les traditions davantage rattachées à la végétation ou aux cycles saisonniers peuvent correspondre à une autre Nature TUC et sont alors traitées comme des êtres distincts.
143	bestiaire-v15-duppy	Duppy	2.1 Revenants	Fantômes et entités spectrales		1	382	Tradition : Jamaïque et Caraïbes anglophones. Classification TUC : Revenant — Fantôme. Le mot duppy désigne largement les esprits des morts : certains protègent ou restent proches des vivants, d’autres importunent, effraient ou attirent la malchance. Les Duppies hostiles peuvent devenir de véritables adversaires ; un ancêtre bienveillant n’a aucune raison d’être traité comme tel.
144	bestiaire-v15-pocong	Pocong	2.1 Revenants	Fantômes et entités spectrales		1	357	Tradition : Indonésie, particulièrement Java. Classification TUC : Revenant — Fantôme. Le Pocong est associé au kain kafan, le linceul funéraire blanc. Des liens funéraires qui n’ont pas été correctement desserrés peuvent retenir l’esprit du mort et provoquer son retour. La créature est une hantise issue d’un rite inachevé, et non un simple cadavre animé.
145	bestiaire-v15-squelette-anime	Squelette animé	2.1 Revenants	Cadavres animés		1	376	Le Squelette est un ensemble d'ossements animé par une énergie extérieure ou par un esprit. Il ne possède ni douleur, ni fatigue, ni organes à protéger ; sa perception est magique plutôt que biologique. La qualité de son comportement dépend entièrement de ce qui l'anime : un serviteur nécromantique obéit, un Spectre dans ses propres os peut conserver une vraie intelligence.
146	bestiaire-v15-zombie	Zombie	2.1 Revenants	Cadavres animés		1	349	Le Zombie est un cadavre encore pourvu de chair, mû par une énergie qui remplace l'activité biologique normale. Il est plus puissant physiquement qu'un Squelette mais se dégrade rapidement, surtout lorsque personne ne le commande. Son comportement libre est instinctif : bruit, mouvement, chaleur, odeur ou nourriture peuvent suffire à le détourner.
147	bestiaire-v15-holombie	Holombie	2.1 Revenants	Cadavres animés		1	385	L'Holombie apparaît lorsqu'un corps revient d'un accident Neural sans la personne qui l'habitait réellement. Un fragment de données, d'habitudes ou de programmes semble relancer le cerveau et pousse le corps à agir par pulsions et répétitions. Contrairement au Zombie, l'organisme peut encore être biologiquement vivant : il mange, boit, saigne et peut mourir d'une blessure ordinaire.
148	bestiaire-v15-strygoi	Strygoï	2.1 Revenants	Cadavres animés		1	354	Le Strygoï est un pseudo-vampire où domine le cadavre : une âme n'a jamais réellement quitté le corps et le maintient dans un état durable, puissant et assoiffé de sang. Il est beaucoup plus proche d'une bête morte-vivante que d'un Vampire de Cour et constitue probablement l'une des sources historiques de certaines légendes populaires sur les vampires.
149	bestiaire-v15-moroi	Moroï	2.1 Revenants	Cadavres animés		1	334	Le Moroï est le pendant plus spectral du Strygoï. Son corps est moins redoutable, mais l'âme qui y demeure conserve davantage de magie, de mémoire et de ruse. Il cherche le sang pour maintenir sa seconde existence et peut accumuler des savoirs de ses victimes, ce qui en fait un adversaire plus discret et plus difficile à identifier.
150	bestiaire-v15-pishtaco	Pishtaco	2.1 Revenants	Cadavres animés		1	348	Le Pishtaco naît d'une mort de faim solitaire et se réveille obsédé par les graisses du corps humain. Sa masse augmente à mesure qu'il se nourrit ; il remplace progressivement une partie de son squelette par du bois et laisse derrière lui une huile épaisse, odorante et très inflammable. Les plus anciens peuvent atteindre des tailles monstrueuses.
151	bestiaire-v15-alan	Alan	2.1 Revenants	Cadavres animés		1	361	L'Alan apparaît lorsqu'une lignée s'éteint sans descendance. Son cadavre déformé et ailé cherche alors des fluides et tissus reproductifs humains pour créer des rejetons cadavériques qu'il traite comme sa propre progéniture. Il peut projeter une apparence séduisante pendant un temps bref, mais sa véritable anatomie est inversée et profondément reconnaissable.
152	bestiaire-v15-strzyga-strzygon	Strzyga / Strzygoń	2.1 Revenants	Cadavres animés		1	342	Tradition : Pologne et régions slaves voisines. Classification TUC : Revenant — Cadavre. Les collectes polonaises rapprochent parfois strzyga, strzygoń et upiór, avec des traditions de personnes possédant deux âmes, deux esprits ou même deux cœurs. Après la mort, une part du défunt peut continuer à agir tandis que l’autre a quitté le corps.
153	bestiaire-v15-momie	Momie	2.1 Revenants	Revenants supérieurs et hybrides		1	370	Une Momie est un mort préparé pour durer. L'embaumement et les rites funéraires rattachent l'âme à un réseau d'objets, d'organes conservés ou de phylactères, puis lui permettent de reprendre possession de son propre corps. Les traditions varient énormément selon l'époque et la culture : toutes les Momies ne sont ni égyptiennes ni identiques dans leurs rites d'ancrage.
154	bestiaire-v15-draugar	Draugar	2.1 Revenants	Revenants supérieurs et hybrides		1	317	Le Draugar est un mort condamné à garder une sépulture. Ce n'est pas un honneur : le lieu canalise l'énergie sur le corps du gardien, qui grandit, noircit et demeure prisonnier de son devoir. Contrairement au Zombie, il conserve une intelligence humaine et souvent l'expérience martiale qu'il possédait de son vivant.
155	bestiaire-v15-jiangshi	Jiangshi	2.1 Revenants	Revenants supérieurs et hybrides		1	358	Le Jiangshi apparaît lorsqu'un départ de l'âme se produit de manière anormale et qu'un écho assez puissant reste imprimé dans le corps. La dépouille se régénère et redevient mobile, mais dépend de l'énergie vitale qu'elle arrache aux vivants. Beaucoup de traditions cherchent à les contenir avec des talismans et rites plutôt qu'à les détruire immédiatement.
156	bestiaire-v15-liche-faucheuse	Liche / Faucheuse	2.1 Revenants	Revenants supérieurs et hybrides		1	368	La Liche est un sorcier qui a organisé sa propre survie au-delà de la mort. Son âme n'est plus maintenue par son corps mais par un phylactère volontairement créé, ce qui lui permet de reconstruire une enveloppe et de poursuivre ses projets sur des siècles. Les Exilés parlent parfois de Faucheuses ; une Liche n'est jamais un adversaire anonyme ou rencontré au hasard.
157	bestiaire-v15-doppelganger	Doppelgänger	2.2 Ombres et entités de l’Ombremonde	Deimons		1	388	Le Doppelgänger infecte l'ombre d'une personne vivante puis apprend à l'imiter avec une précision terrifiante. Il copie visage, voix, attitudes et suffisamment d'informations pour passer auprès de proches inattentifs. Son objectif classique n'est pas seulement de voler une identité : il cherche à isoler l'original, à le détruire psychologiquement puis à prendre définitivement sa place.
158	bestiaire-v15-barghest	Barghest	2.2 Ombres et entités de l’Ombremonde	Deimons		1	329	Le Barghest est le grand chien noir des légendes : un corps de ténèbres, des yeux sanglants et une présence qui annonce la mort. Il choisit une proie, laisse sa peur grandir puis revient la traquer. Certains collectent les âmes qu'ils arrachent aux victimes et les négocient ensuite avec des puissances capables d'en faire usage.
159	bestiaire-v15-cat-sidhe	Cat Sidhe	2.2 Ombres et entités de l’Ombremonde	Deimons		1	367	Le Cat Sidhe ressemble d'abord à un petit chat noir marqué de blanc, entouré d'une brume trop sombre pour être naturelle. Là où le Barghest terrifie, le Cat Sidhe observe, chuchote et provoque la discorde. Il s'intéresse aux foyers, aux relations et aux failles intimes, puis pousse les mortels à faire eux-mêmes ce qu'il ne peut ou ne veut pas accomplir directement.
160	bestiaire-v15-afanc	Afanc	2.2 Ombres et entités de l’Ombremonde	Deimons		1	387	L'Afanc est un esprit des eaux profondes qui se gorge de vase, de boue et d'eau lorsqu'il veut prendre corps. Les traditions lui donnent des silhouettes de serpent, de dragon, de morse ou de bête préhistorique ; aucune n'est vraiment correcte. Il défend généralement un point d'eau unique et nourrit chez les témoins une obsession qui les pousse à revenir encore et encore sur les lieux.
161	bestiaire-v15-helhest	Helhest	2.2 Ombres et entités de l’Ombremonde	Deimons		1	367	Le Helhest prend la forme d'un immense cheval noir dont le corps semble fait de fumée dense. Il ne chasse pas prioritairement les vivants : son véritable gibier est le Spectre dont il dévore l'ectoplasme. Son passage peut pourtant rendre une hantise catastrophique, car les morts qu'il poursuit paniquent, se dispersent et deviennent plus violents autour des vivants.
162	bestiaire-v15-dullahan	Dullahan	2.2 Ombres et entités de l’Ombremonde	Deimons		1	399	Le Dullahan est un colosse sans tête dont le corps tient par une armure de ténèbres. Il porte sa tête comme une lanterne et utilise les os de son propre corps comme armes. Les anciens récits le placent à la tête de chasses fantastiques accompagnées de Helhests et de Barghests ; en 2035, certains troquent le destrier pour une moto ou un véhicule noir afin de poursuivre le même rituel de prédation.
163	bestiaire-v15-insomnium	Insomnium	2.2 Ombres et entités de l’Ombremonde	Projections et rêves		1	327	L'Insomnium est un rêve devenu assez cohérent pour marcher hors du sommeil de son créateur. Il n'a presque pas de volonté propre : il accomplit la séquence, le désir ou le geste qui l'a produit avec l'obstination d'un automate psychique. On le confond facilement avec un petit Spectre, mais aucun mort ne se cache derrière lui.
164	bestiaire-v15-somnium	Somnium	2.2 Ombres et entités de l’Ombremonde	Projections et rêves		1	417	Le Somnium naît lui aussi d'un esprit vivant, mais d'une masse d'incompréhensions, de traumatismes et surtout de créativité assez forte pour produire une véritable personnalité. Il construit sans cesse : machines, peintures, vêtements, architectures ou assemblages absurdes. Il n'est ni naturellement bienveillant ni malveillant ; son danger vient du fait que rien n'est plus important pour lui que continuer à créer.
165	bestiaire-v15-fantasme	Fantasme	2.2 Ombres et entités de l’Ombremonde	Projections et rêves		1	380	Un Fantasme est une image rêvée par assez de personnes pour devenir consciente dans le Monde onirique. Il peut naître d'une croyance populaire, d'un croque-mitaine, d'une fée, d'une célébrité idéalisée ou de n'importe quel motif partagé par une foule. Sa personnalité n'est pas celle d'un individu réel : elle reflète ce que les rêveurs projettent collectivement sur cette figure.
166	bestiaire-v15-cauchemar	Cauchemar	2.2 Ombres et entités de l’Ombremonde	Projections et rêves		1	316	Le Cauchemar est une créature du Monde onirique qui se nourrit des rêves des dormeurs et les transforme en scènes de peur afin d'en tirer davantage d'énergie. Les plus dangereuses ne se contentent pas d'effrayer : elles cherchent à piéger l'âme d'un rêveur, à l'épuiser ou à préparer une possession du corps endormi.
167	bestiaire-v15-croque-mitaine	Croque-mitaine	2.2 Ombres et entités de l’Ombremonde	Projections et rêves		1	384	Tradition : France, avec d’innombrables équivalents ailleurs. Classification TUC : Ombre / Projection. Le Croque-mitaine n’a justement pas de forme stable : c’est un rôle narratif destiné à matérialiser un danger interdit aux enfants - puits, rue sombre, forêt, cave, heure tardive. Dans TUC, cette indétermination correspond parfaitement à une Projection nourrie par la peur répétée.
168	bestiaire-v15-chien-noir-black-shuck	Chien noir / Black Shuck	2.2 Ombres et entités de l’Ombremonde	Projections et rêves		1	377	Traditions des îles Britanniques, notamment East Anglia pour Black Shuck. Classification TUC : Ombre / Projection. Black Shuck est un présage spectral nourri par la peur, le récit et l’obsession autour des chiens noirs. D’autres « chiens noirs » folkloriques peuvent être des Fées, des Deimons ou de véritables créatures ; leur Nature dépend alors de ce qu’ils sont réellement.
169	bestiaire-v15-kochtchei	Kochtcheï	2.2 Ombres et entités de l’Ombremonde	Voyageurs		1	422	Les Kochtcheï prennent souvent une apparence humaine banale, mais évitent presque toujours de marcher : ils se laissent porter par l'air et les vents. Lorsqu'ils se montrent menaçants, les récits les décrivent comme des cavaliers squelettiques d'une puissance ancienne. Ils savent énormément de choses, voyagent entre les plans et supportent très mal qu'on tente de leur prendre ce qu'ils considèrent comme leur propriété.
170	bestiaire-v15-gorgone	Gorgone	2.2 Ombres et entités de l’Ombremonde	Voyageurs		1	404	Les Gorgones sont des Voyageuses venues de profondeurs chtoniennes : grandes ailes membraneuses, serpents à la place des cheveux, mains métalliques et yeux dont la lumière perturbe l'âme. Elles évitent généralement les humains et cherchent surtout à rejoindre d'autres membres de leur espèce, mais leur apparence et leurs anciens liens avec des puissances divines suffisent à provoquer des affrontements.
171	bestiaire-v15-lutin-du-petit-peuple	Lutin du petit peuple	2.3 Fées et esprits naturels	Lutins		1	432	Les Lutins rassemblent de petits peuples féeriques présents dans de nombreux folklores. Les archives insistent sur un point : Whurtens et Ashylls n'expliquent pas toutes ces légendes. Farfadets, Boggarts, Chichigas ou Gnomes peuvent désigner de véritables communautés féeriques, extrêmement secrètes et beaucoup plus vulnérables qu'elles ne veulent le laisser croire lorsqu'un mortel parvient réellement à pénétrer dans leur refuge.
172	bestiaire-v15-elementaire-lie-a-un-sanctuaire	Élémentaire lié à un sanctuaire	2.3 Fées et esprits naturels	Élémentaires / Djinns		1	475	Les Élémentaires, aussi appelés Djinns ou Nymphes selon les traditions, sont des Fées liées à un environnement, un élément et surtout un sanctuaire. Une Hamadryade peut ainsi être en synergie avec un arbre précis ; d'autres lignées s'attachent à l'eau, aux profondeurs, aux flammes ou même à des environnements technologiques récents. Leur ancienne réputation de divinités mineures masque mal une colère devenue fréquente envers ceux qui exploitent ou profanent leur domaine.
173	bestiaire-v15-golem-feerique	Golem féerique	2.3 Fées et esprits naturels	Golems		1	488	Les Golems sont des Fées artificielles, historiquement façonnées par des Voyageurs ou des Mages comme gardiens et serviteurs. À l'inverse des Djinns souvent immatériels, ils sont extrêmement concrets et tirent l'essentiel de leur danger de leur puissance physique plutôt que d'un grand éventail de pouvoirs. Les archives leur attribuent une absence d'âme et une fragilité existentielle singulière : certains cessent littéralement de vivre lorsqu'ils comprennent pleinement ce qu'ils sont.
174	bestiaire-v15-zoanide-gardien	Zoanide gardien	2.3 Fées et esprits naturels	Zoanides		1	460	Les Zoanides sont des Fées animales, décrites aussi comme esprits totémiques. Leur fonction la plus constante est la protection des bêtes. Les anciens Khinae comptaient parmi leurs protégés et certaines lignées conservent encore des liens de bienveillance, parfois suffisamment profonds pour que les traditions parlent d'un sang partagé. Leur rapport aux mortels est contradictoire : fascination, attachement et hostilité peuvent coexister chez le même esprit.
175	bestiaire-v15-kappa	Kappa	2.3 Fées et esprits naturels	Esprits de lieu		1	368	Tradition : Japon. Classification TUC : Fée — Esprit de lieu. Les Kappa sont liés aux rivières, étangs et marais ; les récits leur prêtent aussi bien noyades et brutalité que sens des promesses, goût du sumo ou savoirs utiles. Leur coupelle crânienne remplie d’eau est le détail folklorique le plus exploitable en jeu : sa perte de liquide les prive de leur puissance.
176	bestiaire-v15-kelpie	Kelpie	2.3 Fées et esprits naturels	Esprits de lieu		1	369	Tradition : Écosse. Classification TUC : Fée — Esprit de lieu. Le Kelpie se manifeste souvent sous la forme d’un cheval apparemment docile près d’un loch, d’un bassin ou d’une rivière, puis entraîne son cavalier dans l’eau. Certaines traditions lui donnent aussi forme humaine ; sable, algues ou pieds anormaux peuvent alors trahir ce qui se cache derrière l’apparence.
177	bestiaire-v15-leshy	Leshy	2.3 Fées et esprits naturels	Esprits de lieu		1	352	Traditions slaves. Classification TUC : Fée — Esprit de lieu. Le Leshy est lié à la forêt qu’il habite, dont il protège les chemins, les bêtes et les frontières selon des règles qui ne sont pas nécessairement humaines. Il peut égarer, intimider ou négocier ; sa puissance vient d’abord de son territoire, pas d’un statut de monstre supérieur universel.
178	bestiaire-v15-domovoi	Domovoï	2.3 Fées et esprits naturels	Esprits de lieu		1	367	Traditions slaves orientales. Classification TUC : Fée — Esprit de lieu. Le Domovoï appartient à la maison et à la continuité du foyer : il peut protéger, prévenir d’un danger ou devenir pénible lorsque la famille l’offense. Les traditions d’offrandes et de transfert lors d’un déménagement en font une excellente entité de relation plutôt qu’un monstre à exterminer.
179	bestiaire-v15-curupira	Curupira	2.3 Fées et esprits naturels	Esprits de lieu		1	429	Tradition : Brésil, particulièrement Amazonie. Classification TUC : Fée — Esprit de lieu. Le Curupira est surtout un gardien de la forêt : pieds retournés, traces trompeuses, sifflements et désorientation punissent les chasseurs ou exploitants qui détruisent sans nécessité. Il ne doit donc pas être présenté comme un monstre hostile par défaut ; des personnes respectueuses du lieu peuvent n’avoir aucune raison de le combattre.
180	bestiaire-v15-patupaiarehe	Patupaiarehe	2.3 Fées et esprits naturels	Esprits de lieu		1	409	Traditions māories d’Aotearoa Nouvelle-Zélande. Classification TUC : Fée — Esprit de lieu. Les Patupaiarehe sont des êtres tapu associés aux hauteurs, à la forêt, à la brume et à la musique des flûtes. Ils peuvent enlever, tromper ou instruire des humains, mais ne forment pas un peuple de monstres hostiles par nature ; leur comportement dépend du lieu, de la relation établie et des règles qu’ils défendent.
181	bestiaire-v15-each-uisge	Each-Uisge	2.3 Fées et esprits naturels	Esprits de lieu		1	383	Traditions gaéliques d’Écosse et d’Irlande. Classification TUC : Fée — Esprit de lieu. Plus féroce que le Kelpie de nombreuses traditions, l’Each-Uisge hante surtout lochs et eaux profondes, prend l’apparence d’un beau cheval ou d’un humain et entraîne ceux qui le touchent ou le montent vers l’eau. Sable, vase ou plantes aquatiques dans les cheveux peuvent trahir sa forme humaine.
182	bestiaire-v15-saci	Saci	2.3 Fées et esprits naturels	Esprits de lieu		1	389	Traditions du Brésil. Classification TUC : Fée — Esprit de lieu. Le Saci est une figure composite et très populaire : un jeune unijambiste, pipe et bonnet rouge, associé aux tourbillons, disparitions soudaines et farces qui dérèglent le quotidien. Il est plus facilement agaçant que meurtrier, mais une Fée de Vérité peut devenir dangereuse lorsqu’on tente de la capturer ou de l’humilier.
183	bestiaire-v15-taniwha-territorial	Taniwha territorial	2.3 Fées et esprits naturels	Esprits majeurs		1	429	Traditions : Māori, Aotearoa / Nouvelle-Zélande. Classification TUC : Fée — Esprit majeur. « Taniwha » couvre des êtres très différents : certains sont dangereux, d’autres protègent un groupe, un passage, un port ou un cours d’eau et peuvent être reconnus comme kaitiaki. Un Taniwha territorial possède donc un domaine, une relation aux habitants et une forme propre qui doivent être compris avant de le traiter comme une menace.
184	bestiaire-v15-nuckelavee	Nuckelavee	2.3 Fées et esprits naturels	Esprits majeurs		1	358	Tradition : Orcades, Écosse. Classification TUC : Fée — Esprit majeur. Les récits orcadiens le décrivent comme un être marin d’une malignité exceptionnelle, souvent fusion de cheval et de cavalier sans peau, dont le souffle apporte maladie et flétrissement. Sa faiblesse la plus nette dans le récit classique est l’eau douce courante, qu’il ne peut franchir.
185	bestiaire-v15-dokkaebi	Dokkaebi	2.3 Fées et esprits naturels	Esprits majeurs		1	358	Tradition : Corée. Classification TUC : Fée — Esprit majeur. Les Dokkaebi apparaissent dans des récits de lutte, de paris, de richesses absurdes et de punitions de l’avidité. Ils peuvent être effrayants, ridicules, généreux ou dangereux selon le conte ; les réduire à des « gobelins coréens » ferait perdre leur logique de défi, d’échange et de retournement.
186	bestiaire-v15-boitata	Boitatá	2.3 Fées et esprits naturels	Esprits majeurs		1	331	Traditions du Brésil. Classification TUC : Fée — Esprit majeur. Les récits décrivent une présence lumineuse ou un serpent ardent associé à la protection des terres contre ceux qui les brûlent ou les détruisent. Il n’est donc pas hostile à tout humain : son agressivité dépend fortement de ce que les personnages font au territoire.
187	bestiaire-v15-aswang-metamorphe	Aswang métamorphe	2.4 Métamorphes			1	319	Traditions des Philippines. Classification TUC : Métamorphe. « Aswang » recouvre plusieurs catégories de figures et ne désigne pas une espèce unique. L’Aswang métamorphe vit parmi les humains et prend une forme animale ou monstrueuse pour chasser ; d’autres êtres portant ce nom peuvent relever d’une Nature différente.
188	bestiaire-v15-kishi	Kishi	2.4 Métamorphes			1	355	Tradition : Ambundu, Angola. Classification TUC : Métamorphe. Les récits décrivent un être mangeur d’hommes dont une apparence humaine dissimule une seconde face monstrueuse, souvent rapprochée d’une hyène. TUC retient ici un être vivant changeant de forme ou de présentation corporelle : sa prédation décrit son comportement, pas sa famille cosmologique.
189	bestiaire-v15-jorogumo	Jorōgumo	2.4 Métamorphes			1	365	Tradition : Japon, avec plusieurs lignées de récits. Classification TUC : Métamorphe. La Jorōgumo est une femme-araignée, ou une araignée capable de prendre apparence humaine, qui chasse par séduction, fils et pièges. Les récits où la présence est avant tout liée à une cascade, un gouffre ou un sanctuaire peuvent correspondre à une Fée — Esprit de lieu distincte.
190	bestiaire-v15-rokurokubi-nukekubi	Rokurokubi / Nukekubi	2.4 Métamorphes			1	327	Tradition : Japon. Classification TUC : Métamorphe. Les récits regroupés sous le nom Rokurokubi comprennent au moins deux images : le cou qui s’allonge à des distances impossibles et la tête qui se détache entièrement, souvent appelée Nukekubi. Certaines histoires sont terrifiantes, d’autres presque comiques ou involontaires.
191	bestiaire-v15-soucouyant	Soucouyant	2.4 Métamorphes			1	372	Traditions caribéennes, notamment Trinidad, Dominique, Sainte-Lucie et Guyana. Classification TUC : Métamorphe. De jour, la Soucouyant peut paraître humaine ; la nuit, elle abandonne sa peau et voyage comme une boule de feu pour se nourrir. Le motif du corps ou de la peau laissée derrière crée une chasse en deux temps proche du Manananggal mais culturellement distincte.
192	bestiaire-v15-adze	Adze	2.4 Métamorphes			1	374	Tradition : Ewe, notamment Ghana et Togo. Classification TUC : Métamorphe. L’Adze est une force vampirique pouvant voyager sous forme de petite lumière, d’insecte ou de luciole, entrer dans les maisons et se nourrir de sang ou de vitalité. Certains récits la relient à la sorcellerie ou à un hôte humain ; ce lien peut exister sans transformer l’Adze en Familier par nature.
193	bestiaire-v15-manananggal	Manananggal	2.5 Prédateurs monstrueux			1	382	Tradition : Philippines. Classification TUC : Prédateur monstrueux. Le Manananggal est une créature corporelle dont le torse supérieur se sépare du reste du corps pour chasser, souvent de nuit. Dans TUC, cette séparation est une biologie de Vérité spécifique, pas le signe d’une appartenance générale aux Métamorphes : son corps abandonné devient au contraire sa faiblesse centrale.
194	bestiaire-v15-krasue	Krasue	2.5 Prédateurs monstrueux			1	365	Traditions de Thaïlande et d’Asie du Sud-Est continentale. Classification TUC : Prédateur monstrueux. La Krasue est surtout reconnaissable à une tête féminine flottante sous laquelle pendent les viscères. Les récits et images modernes sont nombreux mais les détails varient fortement ; TUC conserve donc le motif central sans lui inventer une faiblesse universelle.
195	bestiaire-v15-penanggalan	Penanggalan	2.5 Prédateurs monstrueux			1	388	Traditions : péninsule Malaise et régions voisines. Classification TUC : Prédateur monstrueux. La Penanggalan chasse sous la forme d’une tête volante entraînant ses viscères, tandis que le reste du corps demeure caché. Sa monstruosité est ici une physiologie de Vérité spécialisée ; les récits de sorcières ou de transformations imposées peuvent correspondre à des cas d’une autre Nature.
196	bestiaire-v15-mapinguari	Mapinguari	2.5 Prédateurs monstrueux			1	433	Traditions amazoniennes et folklore brésilien, avec de nombreuses descriptions contradictoires. Classification TUC : Prédateur monstrueux. On lui prête taille énorme, fourrure ou cuir épais, odeur insupportable, œil unique et parfois une bouche ventrale. TUC en fait une créature corporelle rare, lente mais presque impossible à arrêter frontalement ; sa famille est celle des Prédateurs monstrueux, pas la Faune de Vérité ordinaire.
197	bestiaire-v15-bunyip	Bunyip	2.5 Prédateurs monstrueux			1	432	Traditions aborigènes australiennes et folklore colonial, avec de nombreuses formes et noms locaux. Classification TUC : Prédateur monstrueux. Le Bunyip est ici une créature corporelle aquatique vivant dans billabongs, marais et trous d’eau. Certaines traditions tutélaires ou liées à la protection d’un lieu peuvent correspondre à une Fée — Esprit de lieu distincte : le même nom humain peut recouvrir plusieurs réalités de Vérité.
198	bestiaire-v15-chupacabra	Chupacabra	2.5 Prédateurs monstrueux			1	380	Légende moderne : Porto Rico, puis Amériques. Classification TUC : Prédateur monstrueux. Les récits de Chupacabra explosent dans les années 1990 autour d’animaux d’élevage retrouvés morts et supposément vidés de leur sang. TUC retient ici une petite créature corporelle nocturne de Vérité, spécialisée dans la prédation et assez inhabituelle pour avoir alimenté la rumeur moderne.
199	bestiaire-v15-manticore	Manticore	2.5 Prédateurs monstrueux			1	465	Origine : traditions persanes transmises par les auteurs grecs puis les bestiaires européens. Classification TUC : Prédateur monstrueux. La Manticore est un « mangeur d’hommes » au corps de lion, visage humain et queue armée de dards ou d’un aiguillon selon les versions. TUC en fait une créature corporelle de chasse, intelligente mais non humanoïde, dont l’anatomie chimérique la place parmi les Prédateurs monstrueux plutôt que dans la Faune de Vérité ordinaire.
200	bestiaire-v15-toyol-tuyul	Toyol / Tuyul	2.6 Familiers et serviteurs occultes			1	371	Traditions malaises et indonésiennes. Classification TUC : Familier / Serviteur occulte. Le Toyol est un petit esprit acquis, invoqué ou entretenu pour voler, saboter et enrichir son propriétaire. Les récits insistent sur son comportement enfantin, sa dépendance à un maître et l’impossibilité morale de considérer son service comme une simple ressource magique gratuite.
201	bestiaire-v15-tokoloshe	Tokoloshe	2.6 Familiers et serviteurs occultes			1	386	Traditions d’Afrique australe, notamment zouloues et xhosas, avec de fortes variations. Classification TUC : Familier / Serviteur occulte. Le Tokoloshe peut être décrit comme une petite créature, un esprit envoyé contre quelqu’un ou une présence nocturne responsable de peur, maladie et agression. Les récits modernes sur les lits surélevés ne sont pas retenus comme vérité universelle.
202	bestiaire-v15-impundulu-oiseau-foudre	Impundulu / Oiseau-foudre	2.6 Familiers et serviteurs occultes			1	325	Traditions zouloues, xhosas et voisines d’Afrique australe. Classification TUC : Familier / Serviteur occulte. L’Impundulu est un grand oiseau noir et blanc associé à la foudre, au sang et à la sorcellerie ; certains récits en font un familier transmis dans une lignée. Il peut aussi prendre forme humaine selon les versions.
203	bestiaire-v15-inugami	Inugami	2.6 Familiers et serviteurs occultes			1	360	Tradition : Japon occidental, particulièrement Shikoku, Chūgoku et Kyūshū. Classification TUC : Familier / Serviteur occulte. L’Inugami est lié à des lignées familiales et à la possession, plus qu’à l’image d’un simple chien fantôme. Sa présence peut accompagner richesse, rancune, maladie et réputation sociale durable autour d’une famille dite « d’Inugami ».
204	bestiaire-v15-tsukumogami	Tsukumogami	2.7 Constructs et objets éveillés			1	378	Tradition : Japon. Classification TUC : Construct / Objet éveillé. Les Tsukumogami sont des outils, ustensiles et objets anciens devenus êtres surnaturels, souvent associés à l’idée d’objets abandonnés ou âgés d’un siècle. Le terme désigne une vaste famille : parapluie, instrument, théière ou masque ne jouent pas de la même manière, mais partagent une identité née de l’objet.
205	bestiaire-v15-mula-sem-cabeca	Mula-sem-cabeça	2.8 Malédictions			1	377	Tradition : Brésil et variantes latino-américaines. Classification TUC : Malédiction. La Mula-sem-cabeça est moins une espèce qu’une personne condamnée à devenir une mule monstrueuse parcourant la nuit, souvent associée à des récits moraux coloniaux. TUC conserve la malédiction et le frein de fer sans imposer la culpabilité religieuse de la victime comme vérité cosmologique.
206	bestiaire-v15-la-patasola	La Patasola	2.8 Malédictions			1	340	Tradition : Colombie. Classification TUC : Malédiction. La Patasola est une personne humaine transformée en prédatrice à une jambe, capable de prendre une apparence séduisante pour isoler chasseurs, bûcherons ou voyageurs. Les récits où la Patasola est avant tout une gardienne autonome de la forêt peuvent correspondre à une Fée distincte.
207	bestiaire-v15-basilic	Basilic	2.9 Faune de Vérité			1	344	Traditions antiques et bestiaires médiévaux européens. Classification TUC : Faune de Vérité. Le Basilic, « roi des serpents », est réputé tuer par regard, souffle ou venin selon les textes. TUC transforme cette létalité absolue en attaque occulte extrêmement dangereuse, afin que la légende reste jouable sans devenir un jet de mort arbitraire.
208	bestiaire-v15-cocatrix	Cocatrix	2.9 Faune de Vérité			1	359	Bestiaires médiévaux européens. Classification TUC : Faune de Vérité. Le Cocatrix se confond souvent avec le Basilic dans les textes, notamment autour de l’œuf de coq couvé par un crapaud ou un serpent. TUC les distingue mécaniquement : le Cocatrix est plus mobile, moins robuste et transforme progressivement la chair plutôt que de régner par un seul regard.
209	bestiaire-v15-ver-galactique-juvenile	Ver galactique juvénile	2.9 Faune de Vérité			1	327	Les vers galactiques géants sont des organismes xéno capables d’atteindre des dimensions considérables. Un juvénile arrivé avec un fragment d’astéroïde ou une cargaison contaminée n’a pas encore l’échelle d’un organisme spatial adulte, mais constitue déjà une masse minéralisée capable de traverser béton léger et roche tendre.
210	bestiaire-v15-traqueur-de-soute	Traqueur de soute	2.9 Faune de Vérité			1	256	Petit prédateur xéno opportuniste, le Traqueur de soute voyage souvent à l’insu des équipages dans les cargos, docks et marchés clandestins. Il chasse en groupe, utilise les conduits et préfère attaquer une cible isolée plutôt que tenir un échange frontal.
211	bestiaire-v15-fouisseur-siliceux	Fouisseur siliceux	2.9 Faune de Vérité			1	286	Le Fouisseur siliceux est un animal de sols secs dont la carapace incorpore les minéraux absorbés. Ses œufs peuvent survivre au transport dans des agrégats de chantier ou des cargaisons extraterrestres, ce qui explique l’apparition de foyers très localisés loin de son milieu d’origine.
212	bestiaire-v15-planeur-de-brume	Planeur de brume	2.9 Faune de Vérité			1	252	Prédateur aérien léger, le Planeur de brume peut être importé involontairement avec certaines biosphères artificielles. Ses membranes presque translucides diffusent la lumière et le rendent difficile à suivre dans brouillard, vapeur ou pollution dense.
213	bestiaire-v15-tique-de-coque	Tique de coque	2.9 Faune de Vérité			1	221	La Tique de coque est un parasite colonial qui adhère aux coques, conduites et batteries. Une infestation n’attaque pas d’abord les personnes : elle draine chaleur et énergie, puis se défend lorsqu’on tente de l’arracher.
214	bestiaire-v15-leviathan-de-bassin	Léviathan de bassin	2.9 Faune de Vérité			1	240	Grand prédateur aquatique élevé ou importé pour des bassins de recherche, aquacultures extrales ou collections privées, le Léviathan de bassin devient une menace locale dès qu’il atteint un réseau d’eau, un port ou une retenue artificielle.
215	bestiaire-v15-wendigo	Wendigo	2.10 Fléaux, Ruptures et Abominations	Vhodhal — la Famine Blanche		1	416	Le Wendigo est une Rupture avancée de Vhodhal chez l’Humain et de nombreuses Natures proches. La faim n’est plus un besoin mais une fonction centrale : chair, matière et énergie deviennent des prises possibles. À mesure que la Corruption progresse, le corps s’alourdit et se densifie jusqu’à produire une créature moins vive qu’une Bête Faramine, mais beaucoup plus difficile à arrêter lorsqu’elle a choisi sa proie.
216	bestiaire-v15-bete-faramine	Bête Faramine	2.10 Fléaux, Ruptures et Abominations	Vhodhal — la Famine Blanche		1	362	La Bête Faramine est la Rupture typique d’un Garou livré à la Famine Blanche. Elle conserve la puissance, les sens et l’instinct de chasse hérités de Khinae, mais la logique de Meute est dévorée par un besoin de consommation. Elle n’est plus reconnue comme membre ordinaire des structures garoues et constitue une menace majeure même pour des Chasseurs préparés.
217	bestiaire-v15-sang-d-ivoire	Sang d’Ivoire	2.10 Fléaux, Ruptures et Abominations	Vhodhal — la Famine Blanche		1	374	Le Sang d’Ivoire est une Rupture vampirique liée à Vhodhal, à ne pas confondre avec un Sang noir ordinaire. Le Vampire reste potentiellement conscient et calculateur, mais sa prédation est réécrite par une faim destructrice capable de s’étendre au-delà du sang. Certains deviennent ainsi des Abominations sociales capables de préparer leur repas plutôt que de charger à vue.
218	bestiaire-v15-noctiel	Noctiel	2.10 Fléaux, Ruptures et Abominations	Vhodhal — la Famine Blanche		1	401	Le Noctiel est la Rupture d’un Angelus dont la Transcendance a été envahie par Vhodhal. La lumière, l’énergie et les fonctions célestes ne sont plus seulement des outils : elles deviennent des choses que la créature peut vider, absorber ou retourner contre ce qui les produit. Son apparence peut conserver quelque chose d’angélique tout en donnant l’impression que chaque éclat autour de lui s’éteint.
219	bestiaire-v15-cyclope-egam	Cyclope / Egam	2.10 Fléaux, Ruptures et Abominations	Vhodhal — la Famine Blanche		1	377	Les dossiers emploient Cyclope ou Egam pour certaines Ruptures de Dive et de porteurs de Mageius. La Famine ne se contente plus de ronger le corps : elle décompose la relation au Mageius et transforme la perception magique en organe de prédation. L’Egam cherche d’abord les structures actives de Vérité, les sorts et les pouvoirs qu’il peut comprendre assez pour les consommer.
220	bestiaire-v15-assimile-aagorien	Assimilé aagorien	2.10 Fléaux, Ruptures et Abominations	V’Aagor — la Sombre-Vérité		1	321	L’Assimilé aagorien est la Rupture générique de Sombre-Vérité : une personne dont le corps et l’ombre ne forment plus une frontière nette avec ce qu’elle s’approprie. Certaines restent capables de parler et de planifier ; d’autres deviennent des Fragments mineurs presque entièrement absorbés par leur logique d’annexion.
221	bestiaire-v15-abomination-du-pere	Abomination du Père	2.10 Fléaux, Ruptures et Abominations	V’Aagor — la Sombre-Vérité		1	331	Les membres de la Confrérie de la Faux peuvent finir en Abominations corporelles liées au « Père ». La chair reste un véhicule individuel, mais une seconde volonté y prête réflexes, contrôle et capacité à frapper depuis les ombres. Une vraie purification du Lien du Père peut donc être aussi importante que la destruction du corps.
222	bestiaire-v15-oshirique	Oshirique	2.10 Fléaux, Ruptures et Abominations	V’Aagor — la Sombre-Vérité		1	339	L’Oshirique est la transformation terminale d’un Vampire consacré à la Fontaine d’Osh’Bawa. Son sang vampirique est remplacé par celui de la Fontaine noire : ses dons natifs sont perdus et remplacés, et sa dépendance alimentaire change profondément. Il ne s’agit plus d’un Vampire doté d’un Talent supplémentaire mais d’une autre créature.
223	bestiaire-v15-strygoi-noire	Strygoï noire	2.10 Fléaux, Ruptures et Abominations	V’Aagor — la Sombre-Vérité		1	312	La Strygoï noire est l’aggravation possible d’un Oshirique : la Fontaine n’a plus seulement remplacé le sang, elle a presque entièrement réduit la créature à une prédation d’ombre. Elle conserve assez de réflexes pour chasser efficacement mais beaucoup moins de patience et de maîtrise qu’un Oshirique conscient.
224	bestiaire-v15-assimile-gravitationnel	Assimilé gravitationnel	2.10 Fléaux, Ruptures et Abominations	V’Aagor — la Sombre-Vérité		1	316	Les Messagers de l’Œil Blanc qui basculent peuvent devenir des Assimilés à dominante gravitationnelle. Leur corps reste localisable mais sa masse et son référentiel ne sont plus des constantes fiables : ils alourdissent, allègent, attirent, repoussent et fixent ce qu’ils désignent comme appartenant au même système.
225	bestiaire-v15-s-ur-effisme	Sœur effisme	2.10 Fléaux, Ruptures et Abominations	V’Aagor — la Sombre-Vérité		1	459	Les véritables Sœurs de l’Œil Blanc sont des Effismes profondément transformées par V’Aagor. Leur rapport ancien à la matière noire en fait des réceptacles particulièrement compatibles avec la Sombre-Vérité. Elles se déplacent avec une lenteur presque cérémonielle, non parce qu’elles sont fragiles ou hésitantes, mais parce que leur corps abominable est devenu une masse stable, extraordinairement difficile à blesser, repousser ou détourner de son objectif.
226	bestiaire-v15-abomination-fracturee	Abomination fracturée	2.10 Fléaux, Ruptures et Abominations	Ux’Sharith — la Division		1	382	L’Abomination fracturée est la Rupture commune de Sharith. Son corps, ses souvenirs ou ses fonctions ont cessé d’être vécus comme un ensemble indivisible : la créature peut détacher, isoler ou désolidariser ce qui, chez un être normal, resterait un tout. Les formes les plus mentales deviennent plusieurs volontés concurrentes ; celles-ci seront développées ensuite comme variantes.
227	bestiaire-v15-organisme-bellatheis	Organisme Bellatheis	2.10 Fléaux, Ruptures et Abominations	Ux’Sharith — la Division		1	328	Une Rupture issue de la Chair divisée et de Bellatheis devient un organisme polymorphe capable de prolifération locale, de greffes permanentes et de spécialisation biologique. Elle n’est pas la même chose qu’une créature de Shaoggith : sa logique reste celle de la séparation et de la redistribution de fonctions déjà présentes.
228	bestiaire-v15-etre-du-grand-savoir	Être du Grand Savoir	2.10 Fléaux, Ruptures et Abominations	Ux’Sharith — la Division		1	339	Certaines Ruptures de l’Archilogomancie se restructurent autour d’une compréhension fonctionnelle presque comparable à un Mageius. Elles voient les systèmes comme des couches, dépendances et points de rupture. Leur corps peut rester presque humain : c’est leur manière de percevoir et d’interrompre les fonctions qui les rend monstrueuses.
229	bestiaire-v15-reacteur-vivant-abomination-fissile	Réacteur vivant / Abomination fissile	2.10 Fléaux, Ruptures et Abominations	Ux’Sharith — la Division		1	316	La Nucléomancie peut produire une Rupture où le corps devient lui-même un réacteur vivant. Matière, chaleur et irradiation sont traitées comme des états séparables ; la créature n’est pas une bombe ambulante gratuite mais une source de destruction locale extrêmement dangereuse lorsqu’elle accepte le Retour fissile.
230	bestiaire-v15-psycolor	Psycolor	2.10 Fléaux, Ruptures et Abominations	Ux’Sharith — la Division		1	359	Les Psycolors sont des lignées rares issues d’anciens fragments de Sharith. Les archives les décrivent comme des sorcières porteuses d’un pouvoir chromatique, une énergie de Fléau capable de renforcer aussi bien le corps que l’esprit. Elles constituent une lignée de Vérité à part entière et ne sont pas une simple école de magie accessible par apprentissage.
231	bestiaire-v15-metastase	Métastasé	2.10 Fléaux, Ruptures et Abominations	C’Thath Vhadhi — la Métastase		1	374	Le Métastasé est la Rupture générique de Vhadhi. Il peut paraître stable, rationnel et parfois même satisfait : le drame est qu’il ne considère plus son ancienne identité comme une valeur en soi. Son anatomie est organisée autour d’une Finalité dominante - survivre, protéger, atteindre, filtrer, chasser, transporter - et toutes ses adaptations tendent vers cette fonction.
232	bestiaire-v15-metastase-avance	Métastasé avancé	2.10 Fléaux, Ruptures et Abominations	C’Thath Vhadhi — la Métastase		1	353	Certaines Ruptures de Vhadhi dépassent largement la simple adaptation locale tout en conservant une conscience complexe. Héméra et Aristaeus appartiennent à cette catégorie. Un Métastasé avancé réaffecte fonctions corporelles, objets et systèmes autour de lui avec une stabilité suffisante pour répondre presque immédiatement aux menaces qu’il comprend.
233	bestiaire-v15-abomination-germinative	Abomination germinative	2.10 Fléaux, Ruptures et Abominations	Gajh’Shaoggith — la Germination		1	385	L’Abomination germinative est la Bascule typique de Shaoggith. Son corps cesse de respecter le principe qu’un organisme est un individu fermé : tissus séparés, germes, organes surnuméraires et petites engeances deviennent autant de prolongements temporaires de son existence. Elle peut encore avoir une volonté propre, mais son rapport au corps est devenu celui d’un milieu de culture.
234	bestiaire-v15-engeance-d-assaut	Engeance d’assaut	2.10 Fléaux, Ruptures et Abominations	Gajh’Shaoggith — la Germination		1	326	Une Engeance d’assaut est une Abomination cultivée pour une fonction prédatrice explicite : projection, acide, venin, griffes, projectile organique ou protection. Elle n’a pas besoin d’être issue d’un ancien PJ. La Mère Primordiale peut en produire durablement à partir d’une Culture, d’une nurserie et de biomasse suffisante.
235	bestiaire-v15-abomination-cyclique	Abomination cyclique	2.10 Fléaux, Ruptures et Abominations	Gajh’Shaoggith — la Germination		1	385	Les Cycles n’apparaissent qu’après la Rupture. Une Abomination liée à Shaoggith peut muer encore, se reproduire et changer de fonction longtemps après avoir perdu sa forme d’origine. L’Abomination cyclique a déjà franchi plusieurs phases de mutation ; les grandes figures comme Li’loth, Shy’Krerath, Rulfam ou Tiamandra/Nahfr peuvent dépasser très largement ce degré de transformation.
236	bestiaire-v15-thulien-fige	Thulien figé	2.10 Fléaux, Ruptures et Abominations	Thul — la Fixation		1	360	Le Thulien figé est la Rupture générique de Fixation. Une transformation, une blessure, un âge ou une configuration du corps est devenue son état définitif, puis la Corruption a commencé à protéger cet état contre tout devenir ultérieur. La créature peut encore penser et agir, mais elle résiste presque instinctivement à tout ce qui voudrait la faire changer.
237	bestiaire-v15-fossile-vivant	Fossile vivant	2.10 Fléaux, Ruptures et Abominations	Thul — la Fixation		1	326	Le Fossile vivant est une expression thulienne d’une forme biologique ancienne conservée bien au-delà de son époque. Il n’est pas forcément littéralement pétrifié : peau, os, organes et métabolisme se comportent comme une adaptation archaïque que le monde aurait dû dépasser mais que la Fixation refuse de laisser disparaître.
238	bestiaire-v15-profond	Profond	2.10 Fléaux, Ruptures et Abominations	Thul — la Fixation		1	418	Les Profonds sont les habitants les plus courants des communautés abyssales associées à Dagon et aux anciens sanctuaires de Thul. Humanoïdes aquatiques profondément remodelés, ils vivent en groupes, entretiennent des lieux côtiers ou sous-marins et connaissent parfaitement les accès noyés. Individuellement ils ne sont pas des boss, mais une communauté entière transforme vite un complexe humide en territoire ennemi.
239	bestiaire-v15-profond-guerrier	Profond guerrier	2.10 Fléaux, Ruptures et Abominations	Thul — la Fixation		1	382	Les Profonds guerriers sont les chasseurs, gardes et vétérans des communautés abyssales. Plus grands, mieux équipés et habitués à combattre dans les couloirs noyés, ils servent d’ossature aux défenses d’un sanctuaire. Ils restent des individus d’une population plutôt que des Ruptures uniques, mais leur discipline suffit à rendre une ligne d’accès sous-marine extrêmement coûteuse.
240	bestiaire-v15-rocreen-abyssal	Rocréen abyssal	2.10 Fléaux, Ruptures et Abominations	Thul — la Fixation		1	423	Les Rocréens abyssaux, ou Rocréens obscurs, sont une population distincte des profondeurs associée notamment à R’Sheraag et à Ringeveled. Ils conservent les quatre bras, la physiologie amphibie, le noyau vital et la régénération fameuse des Rocréens, mais la Fixation les a rendus plus massifs, agressifs et difficiles à détourner de leur fonction. Leur réseau psychique sert surtout à coordonner une colonie déjà éveillée.
241	bestiaire-v15-rocreen-abyssal-lourd	Rocréen abyssal lourd	2.10 Fléaux, Ruptures et Abominations	Thul — la Fixation		1	366	Le Rocréen abyssal lourd est une forme de siège : plus large, plus lente et encore plus spécialisée que les membres ordinaires de la colonie. Sa masse sert à garder une porte noyée, soutenir une bioarmure ou encaisser le feu pendant que le réseau se réorganise. Il n’a pas la mobilité d’un prédateur, mais le faire reculer demande généralement une solution préparée.
242	bestiaire-v15-myxinien	Myxinien	2.10 Fléaux, Ruptures et Abominations	Thul — la Fixation		1	339	Le terme Myxinien désigne une expression thulienne liée aux réseaux humides, au mucus et aux profondeurs. Les faveurs de Telipinu montrent une logique de marques visqueuses capables de transmettre perception et voix à travers une continuité d’eau ou de mucus. Une Rupture myxinienne transforme cette infrastructure rituelle en physiologie.
243	bestiaire-v15-grand-thulien	Grand Thulien	2.10 Fléaux, Ruptures et Abominations	Thul — la Fixation		1	469	Les Grands Thuliens sont des figures majeures gravitant autour de la tombe de Thul, sans que l’Ancien Fléau lui-même puisse être réduit à un affrontement ordinaire. Patrons, organismes abyssaux ou incarnations récurrentes possèdent chacun des singularités propres. Le bloc générique de Grand Thulien représente uniquement une manifestation majeure non identifiée ; Dagon, Telipinu, R’Sheraag, Dsherra’neth, Pestiria, Olla et Greem’Sha demeurent des individus distincts.
244	bestiaire-v15-manifestation-de-dagon	Manifestation de Dagon	2.11 Figures uniques et manifestations de scénario	Thul — Patrons et incarnations		1	294	Dagon est lié aux profondeurs, à une lumière froide, à l’immobilité, à la longévité figée et à la tombe abyssale. Une manifestation majeure de Dagon peut fermer un sanctuaire ou imposer sa présence à une zone entière ; la détruire ne signifie pas tuer définitivement le Patron qui l’a projetée.
245	bestiaire-v15-incarnation-de-telipinu	Incarnation de Telipinu	2.11 Figures uniques et manifestations de scénario	Thul — Patrons et incarnations		1	291	Telipinu agit à travers mucus rituel, Marques, réseau sensoriel, voix transmise et sanctuaires capables d’intercepter certains appels surnaturels. Une incarnation de réseau concentre ces effets dans un corps local ; sa destruction coupe cette présence sans annihiler Telipinu définitivement.
246	bestiaire-v15-manifestation-de-r-sheraag-a-ringeveled	Manifestation de R’Sheraag à Ringeveled	2.11 Figures uniques et manifestations de scénario	Thul — Patrons et incarnations		1	292	R’Sheraag est associé aux Rocréens obscurs ou abyssaux et à la cité sous-marine de Ringeveled. Sa manifestation locale agit comme un commandement de l’écologie abyssale : elle coordonne les Rocréens et impose la Fixation au territoire sans révéler nécessairement la forme véritable du Patron.
247	bestiaire-v15-li-loth-manifestation-multi-cycles	Li’loth — manifestation multi-Cycles	2.11 Figures uniques et manifestations de scénario	Shaoggith — Cycles et reliques vivantes		1	275	Li’loth a dépassé plusieurs Cycles après sa Rupture. Chaque Cycle de Shaoggith peut profondément reconfigurer une Abomination ; sa manifestation multi-Cycles change donc de fonction à mesure que la confrontation progresse et ne possède pas une anatomie définitivement stable.
248	bestiaire-v15-hote-de-la-mue-de-rulfam	Hôte de la Mue de Rulfam	2.11 Figures uniques et manifestations de scénario	Shaoggith — Cycles et reliques vivantes		1	256	La Mue de Rulfam est une relique majeure de Shaoggith capable de transformer profondément un porteur lié à la Germination. Un Hôte contemporain ayant revêtu ou intégré cette Mue devient une menace évolutive dont le corps se réorganise autour de la relique.
249	bestiaire-v15-porteur-de-nahfr	Porteur de Nahfr	2.11 Figures uniques et manifestations de scénario	Shaoggith — Cycles et reliques vivantes		1	277	Nahfr est une peau de Tiamat/Shaoggith portée comme armure occulte, artefact cosmique unique sans prix normal. Un Porteur de Nahfr bénéficie d’une protection vivante qui modifie sa relation à la chair et à la Germination sans révéler à elle seule toute l’identité de Tiamandra.
250	bestiaire-v15-hemera-et-aristaeus-ruptures-conscientes-de-vhadhi	Héméra et Aristaeus — Ruptures conscientes de Vhadhi	2.12 Dossiers majeurs de scénario	Figures hors échelle		1	277	Héméra et Aristaeus sont deux Ruptures Vhadhi conscientes arrivées à un stade extrêmement avancé. Leur nature est connue, mais leurs singularités personnelles — apparence, capacités propres et doctrine — restent trop incertaines pour les réduire honnêtement à une fiche unique.
251	bestiaire-v15-am-mleeac-mleeac-fleau-superieur	Am’Mleeac / Mleeac — Fléau supérieur	2.12 Dossiers majeurs de scénario	Figures hors échelle		1	250	Am’Mleeac, également nommé Mleeac dans certaines traditions, appartient à une échelle supérieure de menace Vhadhi. Il n’a pas de fiche de mort ordinaire et ne se traite pas comme une créature dont la destruction dépend simplement d’une réserve de PV.
252	bestiaire-v15-delanial-le-faux-septieme-fleau	Delanial — le faux Septième Fléau	2.12 Dossiers majeurs de scénario	Figures hors échelle		1	228	Delanial est parfois appelé Fléau de l’Ombre-Monde, Septième Fléau ou Père de l’Ombre. Cette classification est fausse : il s’agit d’un Légionnaire des Puissances, très ancien et extrêmement puissant, réfugié dans l’Ombre-Monde.
253	bestiaire-v15-greem-sha-l-independant-anti-fleaux	Greem’Sha — l’indépendant anti-Fléaux	2.12 Dossiers majeurs de scénario	Figures hors échelle		1	172	Greem’Sha est une Abomination indépendante et anti-Fléaux. Il peut graviter autour des mêmes dossiers que les puissances thuliennes sans être automatiquement fidèle à Thul.
254	bestiaire-v15-figures-aux-singularites-mal-connues	Figures aux singularités mal connues	2.12 Dossiers majeurs de scénario	Figures hors échelle		1	207	Shy’Krerath, Dsherra’neth, Pestiria et Olla sont des figures majeures dont l’existence et l’appartenance générale sont connues, mais dont les formes, les capacités et les rôles précis restent mal documentés.
255	bestiaire-v15-grande-orbe-de-sharith	Grande Orbe de Sharith	2.12 Dossiers majeurs de scénario	Artefacts cosmiques et reliques uniques		1	202	La Grande Orbe est un fragment physique de Sharith utilisé par Bellatheis pour détecter des ascendances compatibles. Elle est explicitement unique et relève du scénario, pas d’un catalogue d’équipement.
256	bestiaire-v15-nacres-noires-de-vhadhi	Nacres noires de Vhadhi	2.12 Dossiers majeurs de scénario	Artefacts cosmiques et reliques uniques		1	145	Les premières Nacres noires étaient des yeux d’Abominations. Elles sont devenues des composants majeurs et extrêmement rares de Métastasismancie.
257	bestiaire-v15-nahfr-peau-de-tiamat-shaoggith	Nahfr — peau de Tiamat / Shaoggith	2.12 Dossiers majeurs de scénario	Artefacts cosmiques et reliques uniques		1	214	Nahfr est la peau de Tiamat/Shaoggith portée comme armure occulte. C’est un artefact cosmique unique, sans prix normal. Le chapitre Figures uniques contient déjà un « Porteur de Nahfr » utilisable en confrontation.
258	bestiaire-v15-mue-de-rulfam	Mue de Rulfam	2.12 Dossiers majeurs de scénario	Artefacts cosmiques et reliques uniques		1	168	La Mue de Rulfam est une relique majeure de Shaoggith capable de transformer profondément un porteur lié à elle. Elle constitue une Source de Corruption exceptionnelle.
259	bestiaire-v15-lance-de-longinus	Lance de Longinus	2.12 Dossiers majeurs de scénario	Artefacts cosmiques et reliques uniques		1	139	La Lance de Longinus est une relique revendiquée par l’Ordre. Un lien avec V’Aagor est soupçonné, mais sa nature exacte demeure incertaine.
260	bestiaire-v15-forge-grise-infrastructure-de-metastasismancie	Forge Grise — infrastructure de Métastasismancie	2.12 Dossiers majeurs de scénario	Infrastructures et calamitechnologie de scénario		1	191	La Forge Grise est un rite collectif d’infrastructure de Vhadhi : laboratoire, Nacre, matière première et plusieurs officiants peuvent produire des matériaux impossibles ou extrêmement rares.
261	bestiaire-v15-grenade-d-inertie-thu-9	Grenade d’Inertie THU-9	2.12 Dossiers majeurs de scénario	Infrastructures et calamitechnologie de scénario		1	201	La THU-9 est une calamitechnologie stratégique liée à Thul. Elle ne représente pas du matériel AIDH standard : ce type de prototype relève de programmes noirs, de reliques ou de scènes exceptionnelles.
